1 - 3 inning,4 - 6 inning,7 - ? inning,no out,1 out,2 out,base_o,base_x,out,hit,ball,batterName,batterClass,pitcherName,pitcherClass
1,0,0,0,0,1,0,1,1,0,0,3 채태인,4,소사,-1
0,1,0,0,1,0,1,0,1,0,0,3 채태인,4,소사,-1
0,1,0,0,1,0,0,1,1,0,0,3 채태인,4,소사,-1
1,0,0,0,1,0,1,0,1,0,0,3 채태인,4,류제국,1
0,1,0,1,0,0,0,1,1,0,0,3 채태인,4,류제국,1
0,1,0,0,0,1,0,1,0,1,0,3 채태인,4,류제국,1
0,0,1,1,0,0,1,0,1,0,0,3 채태인,4,김지용,5
0,0,1,0,0,1,0,1,0,1,0,3 채태인,4,최성훈,5
1,0,0,0,0,1,0,1,1,0,0,3 채태인,4,윤지웅,5
0,1,0,0,0,1,0,1,1,0,0,3 채태인,4,윤지웅,5
0,1,0,0,0,1,0,1,1,0,0,3 채태인,4,진해수,3
0,0,1,1,0,0,0,1,1,0,0,3 채태인,4,최성훈,5
1,0,0,0,0,1,0,1,0,1,0,5 채태인,4,박세웅,1
0,1,0,0,1,0,0,1,0,1,0,5 채태인,4,박세웅,1
0,1,0,0,1,0,0,1,0,1,0,5 채태인,4,박세웅,1
0,0,1,0,1,0,0,1,1,0,0,5 채태인,4,박시영,5
1,0,0,1,0,0,0,1,1,0,0,5 채태인,4,니퍼트,4
0,1,0,1,0,0,1,0,1,0,0,5 채태인,4,니퍼트,4
0,1,0,0,0,1,1,0,0,1,0,5 채태인,4,니퍼트,4
0,0,1,0,1,0,1,0,1,0,0,5 채태인,4,이현호,5
0,0,1,0,0,1,1,0,1,0,0,5 채태인,4,홍상삼,3
1,0,0,1,0,0,1,0,0,1,0,5 채태인,4,유희관,4
1,0,0,0,0,1,1,0,1,0,0,5 채태인,4,유희관,4
0,1,0,0,1,0,1,0,1,0,0,5 채태인,4,유희관,4
0,0,1,0,1,0,1,0,0,1,0,5 채태인,4,이용찬,1
0,0,1,0,1,0,1,0,1,0,0,5 채태인,4,김승회,2
1,0,0,1,0,0,1,0,0,0,1,5 채태인,4,고원준,-1
1,0,0,0,0,1,0,1,0,1,0,5 채태인,4,이현호,5
0,1,0,1,0,0,0,1,1,0,0,5 채태인,4,김명신,-1
0,1,0,0,0,1,0,1,0,1,0,5 채태인,4,김명신,-1
1,0,0,1,0,0,0,1,0,1,0,5 채태인,4,주권,3
1,0,0,0,1,0,0,1,1,0,0,5 채태인,4,고영표,-1
0,1,0,0,0,1,1,0,0,1,0,5 채태인,4,고영표,-1
0,1,0,0,1,0,1,0,1,0,0,5 채태인,4,고영표,-1
0,0,1,0,1,0,1,0,1,0,0,5 채태인,4,장시환,3
1,0,0,0,1,0,1,0,0,1,0,5 채태인,4,로치,-1
1,0,0,1,0,0,0,1,0,1,0,5 채태인,4,로치,-1
0,1,0,0,0,1,0,1,1,0,0,5 채태인,4,로치,-1
0,0,1,0,1,0,0,1,0,1,0,5 채태인,4,엄상백,3
0,0,1,0,0,1,0,1,1,0,0,5 채태인,4,김재윤,5
1,0,0,0,1,0,0,1,1,0,0,5 채태인,4,팻딘,-1
0,1,0,0,1,0,0,1,1,0,0,5 채태인,4,팻딘,-1
0,1,0,1,0,0,0,1,1,0,0,5 채태인,4,팻딘,-1
0,0,1,0,1,0,0,1,1,0,0,5 채태인,4,팻딘,-1
1,0,0,1,0,0,0,1,1,0,0,5 채태인,4,켈리,6
0,1,0,0,0,1,0,1,0,1,0,5 채태인,4,켈리,6
0,0,1,1,0,0,1,0,1,0,0,5 채태인,4,켈리,6
0,0,1,0,0,1,1,0,0,0,1,5 채태인,4,박희수,3
1,0,0,0,1,0,0,1,1,0,0,5 채태인,4,다이아몬드,-1
0,1,0,1,0,0,0,1,1,0,0,5 채태인,4,다이아몬드,-1
0,1,0,0,1,0,1,0,0,0,1,5 채태인,4,김주한,5
0,0,1,0,0,1,0,1,0,1,0,5 채태인,4,박정배,3
1,0,0,0,0,1,0,1,1,0,0,5 채태인,4,윤희상,2
1,0,0,0,0,1,1,0,1,0,0,5 채태인,4,윤희상,2
0,1,0,0,1,0,1,0,1,0,0,5 채태인,4,윤희상,2
0,0,1,0,1,0,0,1,0,0,1,5 채태인,4,김성민,5
0,0,1,0,0,1,1,0,1,0,0,5 채태인,4,전유수,3
0,0,1,0,0,1,0,1,0,1,0,6 채태인,4,배장호,3
1,0,0,0,1,0,1,0,0,1,0,6 채태인,4,박세웅,1
0,1,0,1,0,0,0,1,0,1,0,6 채태인,4,박세웅,1
0,0,1,0,1,0,1,0,0,0,1,6 채태인,4,박세웅,1
0,0,1,0,0,1,1,0,0,1,0,6 채태인,4,배장호,3
1,0,0,0,1,0,0,1,1,0,0,6 채태인,4,김명신,-1
1,0,0,1,0,0,0,1,0,1,0,6 채태인,4,홍상삼,3
0,1,0,1,0,0,0,1,1,0,0,6 채태인,4,김성배,-1
0,1,0,0,1,0,0,1,0,1,0,6 채태인,4,김성배,-1
0,0,1,0,1,0,1,0,1,0,0,6 채태인,4,김승회,2
1,0,0,0,0,1,0,1,1,0,0,6 채태인,4,유희관,4
0,1,0,1,0,0,0,1,1,0,0,6 채태인,4,유희관,4
0,0,1,1,0,0,0,1,0,1,0,6 채태인,4,유희관,4
0,0,1,1,0,0,0,1,1,0,0,6 채태인,4,이현승,2
0,0,1,0,0,1,0,1,0,1,0,6 채태인,4,이현승,2
1,0,0,0,1,0,0,1,1,0,0,5 채태인,4,보우덴,-1
0,1,0,1,0,0,0,1,0,1,0,5 채태인,4,보우덴,-1
0,1,0,0,0,1,0,1,0,0,1,5 채태인,4,박치국,6
0,1,0,0,0,1,1,0,1,0,0,5 채태인,4,이현호,5
0,0,1,0,1,0,1,0,1,0,0,5 채태인,4,이동걸,-1
1,0,0,0,1,0,0,1,1,0,0,5 채태인,4,이태양,1
1,0,0,0,0,1,1,0,1,0,0,5 채태인,4,이태양,1
0,1,0,0,1,0,1,0,1,0,0,5 채태인,4,이태양,1
0,0,1,0,1,0,0,1,0,0,1,5 채태인,4,윤규진,2
0,0,1,0,1,0,0,1,1,0,0,5 채태인,4,정우람,2
1,0,0,0,0,1,1,0,1,0,0,5 채태인,4,헥터,-1
0,1,0,0,1,0,1,0,1,0,0,5 채태인,4,헥터,-1
0,1,0,0,0,1,1,0,0,1,0,5 채태인,4,헥터,-1
0,0,1,0,1,0,0,1,0,1,0,5 채태인,4,심동섭,-1
0,0,1,1,0,0,0,1,0,1,0,8 채태인,4,김윤동,5
1,0,0,0,0,1,1,0,1,0,0,4 채태인,4,김진우,-1
1,0,0,0,1,0,1,0,1,0,0,4 채태인,4,김진우,-1
0,1,0,1,0,0,0,1,1,0,0,4 채태인,4,손영민,-1
0,0,1,0,1,0,1,0,0,0,1,4 채태인,4,박지훈,6
0,0,1,0,0,1,0,1,0,1,0,4 채태인,4,김광수,-1
1,0,0,1,0,0,0,1,1,0,0,4 채태인,4,김주한,5
0,1,0,0,1,0,1,0,1,0,0,4 채태인,4,김주한,5
0,1,0,1,0,0,1,0,0,0,1,4 채태인,4,박정배,3
0,0,1,0,0,1,1,0,1,0,0,4 채태인,4,박정배,3
1,0,0,0,0,1,0,1,1,0,0,5 채태인,4,켈리,6
0,1,0,1,0,0,0,1,0,1,0,5 채태인,4,켈리,6
0,1,0,0,0,1,0,1,1,0,0,5 채태인,4,켈리,6
0,0,1,0,1,0,0,1,1,0,0,5 채태인,4,임준혁,-1
0,0,1,0,1,0,1,0,1,0,0,5 채태인,4,서진용,5
0,0,1,0,1,0,0,1,1,0,0,5 채태인,4,문광은,5
1,0,0,0,1,0,0,1,0,1,0,5 채태인,4,맨쉽,6
0,1,0,0,0,1,0,1,1,0,0,5 채태인,4,맨쉽,6
0,0,1,1,0,0,0,1,1,0,0,5 채태인,4,원종현,3
0,0,1,1,0,0,0,1,1,0,0,5 채태인,4,임창민,3
1,0,0,1,0,0,0,1,0,0,1,5 채태인,4,해커,2
0,1,0,0,0,1,0,1,0,1,0,5 채태인,4,해커,2
0,1,0,0,1,0,0,1,0,1,0,5 채태인,4,해커,2
1,0,0,0,1,0,1,0,1,0,0,4 채태인,4,김대우,3
0,1,0,1,0,0,1,0,1,0,0,4 채태인,4,김대우,3
0,1,0,0,0,1,0,1,0,1,0,4 채태인,4,권오준,1
0,0,1,1,0,0,0,1,1,0,0,4 채태인,4,이승현,5
1,0,0,0,0,1,1,0,1,0,0,4 채태인,4,최지광,6
1,0,0,0,0,1,1,0,1,0,0,4 채태인,4,최지광,6
0,1,0,0,1,0,0,1,0,1,0,4 채태인,4,김승현,6
0,0,1,1,0,0,0,1,1,0,0,4 채태인,4,심창민,-1
1,0,0,0,1,0,1,0,1,0,0,4 채태인,4,비야누에바,-1
1,0,0,0,0,1,1,0,1,0,0,4 채태인,4,비야누에바,-1
0,1,0,0,0,1,1,0,1,0,0,4 채태인,4,비야누에바,-1
0,0,1,1,0,0,0,1,1,0,0,4 채태인,4,안영명,2
0,0,1,0,0,1,1,0,1,0,0,8 채태인,4,안영명,2
1,0,0,0,1,0,0,1,1,0,0,6 채태인,4,고영표,-1
0,1,0,0,0,1,0,1,1,0,0,6 채태인,4,고영표,-1
0,1,0,0,0,1,0,1,0,1,0,6 채태인,4,고영표,-1
0,0,1,1,0,0,0,1,1,0,0,6 채태인,4,심재민,-1
0,1,0,0,0,1,0,1,1,0,0,6 채태인,4,이상화,5
0,0,1,0,1,0,1,0,1,0,0,6 채태인,4,조근종,-1
0,0,1,1,0,0,0,1,1,0,0,6 채태인,4,배제성,6
1,0,0,1,0,0,1,0,0,0,1,6 채태인,4,김사율,-1
1,0,0,0,0,1,1,0,1,0,0,6 채태인,4,김사율,-1
0,1,0,0,1,0,0,1,1,0,0,6 채태인,4,김사율,-1
0,0,1,0,1,0,0,1,1,0,0,6 채태인,4,엄상백,3
0,0,1,0,1,0,1,0,1,0,0,6 채태인,4,심재민,-1
1,0,0,0,1,0,0,1,1,0,0,5 채태인,4,해커,2
0,1,0,1,0,0,1,0,0,1,0,5 채태인,4,해커,2
0,0,1,1,0,0,0,1,1,0,0,5 채태인,4,민태호,6
0,0,1,1,0,0,1,0,1,0,0,5 채태인,4,이민호,1
0,1,0,0,1,0,0,1,0,0,1,6 채태인,4,윤수호,6
0,0,1,0,1,0,0,1,1,0,0,6 채태인,4,정수민,5
0,1,0,0,1,0,0,1,0,1,0,8 채태인,4,정인욱,3
1,0,0,0,1,0,0,1,1,0,0,4 채태인,4,최충연,5
1,0,0,0,1,0,0,1,0,1,0,4 채태인,4,최충연,5
0,1,0,1,0,0,1,0,1,0,0,4 채태인,4,최충연,5
0,1,0,0,0,1,0,1,1,0,0,4 채태인,4,김승현,6
0,0,1,0,0,1,1,0,0,0,1,4 채태인,4,김현우,-1
1,0,0,0,0,1,1,0,1,0,0,4 채태인,4,페트릭,-1
0,1,0,0,0,1,0,1,0,1,0,4 채태인,4,페트릭,-1
0,1,0,1,0,0,0,1,0,1,0,4 채태인,4,페트릭,-1
0,0,1,0,0,1,0,1,1,0,0,4 채태인,4,장원삼,0
0,0,1,0,0,1,1,0,0,1,0,4 채태인,4,장필준,5
1,0,0,1,0,0,0,1,0,1,0,5 채태인,4,허프,-1
0,1,0,0,1,0,0,1,1,0,0,5 채태인,4,허프,-1
0,1,0,0,0,1,1,0,1,0,0,5 채태인,4,허프,-1
0,0,1,1,0,0,1,0,1,0,0,5 채태인,4,허프,-1
1,0,0,1,0,0,0,1,1,0,0,4 채태인,4,박치국,6
1,0,0,0,1,0,1,0,0,1,0,4 채태인,4,박치국,6
0,1,0,0,0,1,0,1,0,1,0,4 채태인,4,이현호,5
0,1,0,0,0,1,0,1,0,1,0,4 채태인,4,김강률,3
0,0,1,1,0,0,1,0,0,0,1,4 채태인,4,김성배,-1
0,1,0,0,1,0,1,0,0,0,1,9 채태인,4,김승회,2
1,0,0,1,0,0,0,1,1,0,0,4 채태인,4,윤희상,2
0,1,0,0,0,1,0,1,0,1,0,4 채태인,4,윤희상,2
0,1,0,0,1,0,1,0,0,1,0,4 채태인,4,윤희상,2
0,0,1,0,1,0,0,1,1,0,0,4 채태인,4,김태훈,5
1,0,0,0,0,1,1,0,1,0,0,4 채태인,4,다이아몬드,-1
0,1,0,1,0,0,0,1,0,1,0,4 채태인,4,다이아몬드,-1
0,1,0,1,0,0,0,1,1,0,0,4 채태인,4,문광은,5
0,0,1,0,1,0,1,0,1,0,0,4 채태인,4,채병용,4
1,0,0,0,0,1,1,0,1,0,0,4 채태인,4,문승원,3
0,1,0,0,1,0,0,1,0,0,1,4 채태인,4,문승원,3
0,1,0,0,0,1,1,0,0,0,1,4 채태인,4,문승원,3
0,0,1,1,0,0,0,1,0,1,0,4 채태인,4,김태훈,5
0,0,1,0,1,0,0,1,1,0,0,2 채태인,4,김진우,-1
0,0,1,0,1,0,0,1,0,0,1,2 채태인,4,심동섭,-1
1,0,0,0,0,1,1,0,0,0,1,4 채태인,4,팻딘,-1
1,0,0,0,0,1,0,1,1,0,0,4 채태인,4,팻딘,-1
0,1,0,0,0,1,1,0,0,1,0,4 채태인,4,팻딘,-1
0,1,0,0,1,0,0,1,1,0,0,4 채태인,4,박진태,-1
0,0,1,0,0,1,1,0,0,0,1,4 채태인,4,한승혁,3
1,0,0,1,0,0,1,0,1,0,0,4 채태인,4,정용운,6
1,0,0,0,0,1,0,1,0,0,1,4 채태인,4,정용운,6
0,1,0,1,0,0,0,1,1,0,0,4 채태인,4,정용운,6
0,0,1,0,0,1,0,1,1,0,0,4 채태인,4,심동섭,-1
1,0,0,0,1,0,0,1,0,0,1,5 채태인,4,최금강,-1
1,0,0,1,0,0,1,0,1,0,0,6 채태인,4,임찬규,1
0,1,0,0,1,0,0,1,0,1,0,6 채태인,4,임찬규,1
0,1,0,0,1,0,0,1,1,0,0,6 채태인,4,이동현,2
0,0,1,0,1,0,0,1,1,0,0,6 채태인,4,김지용,5
1,0,0,0,1,0,1,0,0,1,0,6 채태인,4,허프,-1
0,0,1,1,0,0,0,1,0,1,0,9 채태인,4,김진성,3
1,0,0,0,1,0,0,1,0,1,0,5 채태인,4,정성곤,3
1,0,0,0,1,0,0,1,0,0,1,5 채태인,4,정성곤,3
0,1,0,0,1,0,1,0,1,0,0,5 채태인,4,정대현,-1
0,1,0,0,0,1,1,0,0,1,0,5 채태인,4,정대현,-1
1,0,0,0,0,1,0,1,0,1,0,3 채태인,4,로치,-1
1,0,0,0,1,0,1,0,0,0,1,3 채태인,4,로치,-1
1,0,0,0,1,0,1,0,1,0,0,3 채태인,4,김재영,5
1,0,0,0,1,0,1,0,0,1,0,3 채태인,4,김재영,5
0,1,0,1,0,0,0,1,1,0,0,3 채태인,4,이충호,-1
0,1,0,0,0,1,0,1,1,0,0,3 채태인,4,심수창,2
0,0,1,0,1,0,1,0,1,0,0,3 채태인,4,강승현,-1
1,0,0,0,1,0,1,0,0,1,0,3 채태인,4,배영수,0
1,0,0,0,1,0,0,1,1,0,0,3 채태인,4,배영수,0
0,1,0,0,0,1,0,1,0,1,0,3 채태인,4,배영수,0
0,1,0,0,0,1,1,0,1,0,0,3 채태인,4,권혁,2
1,0,0,0,1,0,1,0,0,1,0,3 채태인,4,장민재,3
1,0,0,1,0,0,1,0,1,0,0,3 채태인,4,장민재,3
0,1,0,0,0,1,0,1,1,0,0,3 채태인,4,이충호,-1
1,0,0,0,1,0,1,0,1,0,0,3 채태인,4,우규민,4
1,0,0,1,0,0,0,1,1,0,0,3 채태인,4,우규민,4
0,1,0,0,0,1,0,1,1,0,0,3 채태인,4,우규민,4
0,0,1,0,1,0,1,0,0,1,0,3 채태인,4,장원삼,0
1,0,0,0,1,0,1,0,0,1,0,3 채태인,4,레나도,-1
0,1,0,1,0,0,0,1,1,0,0,3 채태인,4,레나도,-1
0,1,0,0,0,1,0,1,0,1,0,3 채태인,4,레나도,-1
0,0,1,1,0,0,0,1,1,0,0,3 채태인,4,최충연,5
0,0,1,1,0,0,0,1,0,1,0,3 채태인,4,김대우,3
0,0,1,0,1,0,1,0,1,0,0,7 채태인,4,심창민,-1
1,0,0,1,0,0,1,0,0,1,0,3 채태인,4,보우덴,-1
1,0,0,0,0,1,0,1,1,0,0,3 채태인,4,보우덴,-1
0,1,0,0,1,0,0,1,1,0,0,3 채태인,4,보우덴,-1
0,0,1,0,1,0,0,1,1,0,0,3 채태인,4,함덕주,3
1,0,0,0,1,0,1,0,0,1,0,3 채태인,4,장원준,0
1,0,0,0,0,1,1,0,1,0,0,3 채태인,4,장원준,0
0,1,0,1,0,0,0,1,1,0,0,3 채태인,4,장원준,0
0,0,1,1,0,0,0,1,1,0,0,3 채태인,4,함덕주,3
1,0,0,0,1,0,1,0,1,0,0,3 채태인,4,니퍼트,4
1,0,0,1,0,0,1,0,0,1,0,3 채태인,4,니퍼트,4
0,1,0,0,0,1,0,1,1,0,0,3 채태인,4,니퍼트,4
1,0,0,1,0,0,0,1,0,1,0,3 채태인,4,헥터,-1
1,0,0,1,0,0,0,1,1,0,0,3 채태인,4,헥터,-1
0,1,0,0,0,1,1,0,1,0,0,3 채태인,4,헥터,-1
0,0,1,1,0,0,0,1,1,0,0,3 채태인,4,고효준,2
0,0,1,0,0,1,0,1,0,0,1,3 채태인,4,김윤동,5
1,0,0,0,0,1,1,0,0,0,1,4 채태인,4,임기영,3
1,0,0,1,0,0,1,0,1,0,0,4 채태인,4,임기영,3
0,1,0,0,1,0,0,1,0,1,0,4 채태인,4,임기영,3
0,1,0,0,0,1,1,0,1,0,0,4 채태인,4,팻딘,-1
0,0,1,1,0,0,1,0,1,0,0,4 채태인,4,고효준,2
1,0,0,0,1,0,1,0,0,0,1,3 채태인,4,정용운,6
1,0,0,0,1,0,1,0,0,1,0,3 채태인,4,정용운,6
0,1,0,1,0,0,0,1,0,1,0,3 채태인,4,한승혁,3
0,1,0,1,0,0,0,1,1,0,0,3 채태인,4,고효준,2
0,0,1,0,1,0,1,0,1,0,0,3 채태인,4,김윤동,5
1,0,0,1,0,0,0,1,1,0,0,4 채태인,4,로치,-1
1,0,0,1,0,0,0,1,0,1,0,4 채태인,4,로치,-1
0,1,0,1,0,0,0,1,0,0,1,4 채태인,4,로치,-1
0,0,1,0,0,1,0,1,1,0,0,4 채태인,4,심재민,-1
1,0,0,0,1,0,1,0,1,0,0,3 채태인,4,류희운,5
1,0,0,1,0,0,0,1,1,0,0,3 채태인,4,류희운,5
0,1,0,1,0,0,0,1,1,0,0,3 채태인,4,류희운,5
0,0,1,0,0,1,0,1,1,0,0,3 채태인,4,김사율,-1
0,0,1,0,0,1,0,1,1,0,0,3 채태인,4,홍성용,-1
1,0,0,0,0,1,0,1,1,0,0,3 채태인,4,피어밴드,1
1,0,0,0,0,1,0,1,1,0,0,3 채태인,4,피어밴드,1
0,1,0,1,0,0,0,1,0,1,0,3 채태인,4,피어밴드,1
0,0,1,0,0,1,1,0,1,0,0,3 채태인,4,심재민,-1
0,0,1,0,1,0,0,1,1,0,0,2 채태인,4,최성훈,5
1,0,0,0,1,0,1,0,1,0,0,3 채태인,4,안성무,-1
1,0,0,0,0,1,0,1,1,0,0,3 채태인,4,안성무,-1
0,1,0,0,0,1,0,1,1,0,0,3 채태인,4,안성무,-1
0,0,1,0,0,1,0,1,1,0,0,3 채태인,4,김대우,3
0,0,1,0,0,1,1,0,1,0,0,3 채태인,4,김승현,6
1,0,0,1,0,0,0,1,1,0,0,3 채태인,4,우규민,4
1,0,0,0,0,1,1,0,1,0,0,3 채태인,4,우규민,4
0,1,0,1,0,0,0,1,0,1,0,3 채태인,4,우규민,4
0,1,0,0,1,0,0,1,1,0,0,3 채태인,4,김동호,-1
1,0,0,0,1,0,1,0,0,1,0,5 채태인,4,백정현,1
1,0,0,0,1,0,0,1,0,1,0,5 채태인,4,백정현,1
0,1,0,1,0,0,0,1,1,0,0,5 채태인,4,최충연,5
0,1,0,0,1,0,1,0,0,1,0,5 채태인,4,최충연,5
1,0,0,0,0,1,0,1,1,0,0,3 채태인,4,박종훈,1
1,0,0,0,1,0,1,0,1,0,0,3 채태인,4,박종훈,1
0,1,0,1,0,0,0,1,0,1,0,3 채태인,4,박종훈,1
0,0,1,0,1,0,0,1,1,0,0,3 채태인,4,임준혁,-1
1,0,0,1,0,0,0,1,1,0,0,5 채태인,4,문승원,3
0,1,0,0,1,0,0,1,1,0,0,5 채태인,4,문승원,3
0,1,0,0,1,0,0,1,1,0,0,5 채태인,4,문승원,3
0,0,1,0,1,0,1,0,1,0,0,5 채태인,4,신재웅,3
1,0,0,0,0,1,1,0,1,0,0,5 채태인,4,윤희상,2
1,0,0,1,0,0,0,1,1,0,0,5 채태인,4,윤희상,2
0,1,0,0,1,0,0,1,1,0,0,5 채태인,4,윤희상,2
1,0,0,0,0,1,0,1,0,1,0,5 채태인,4,린드블럼,1
1,0,0,1,0,0,1,0,1,0,0,5 채태인,4,린드블럼,1
0,1,0,0,1,0,0,1,1,0,0,5 채태인,4,박시영,5
0,0,1,1,0,0,1,0,1,0,0,5 채태인,4,박진형,5
0,0,1,0,1,0,0,1,1,0,0,5 채태인,4,손승락,2
0,0,1,0,1,0,0,1,1,0,0,2 채태인,4,박시영,5
1,0,0,1,0,0,0,1,0,1,0,3 채태인,4,송승준,0
1,0,0,1,0,0,0,1,0,1,0,3 채태인,4,송승준,0
0,1,0,1,0,0,0,1,1,0,0,3 채태인,4,송승준,0
0,0,1,0,0,1,1,0,1,0,0,3 채태인,4,박진형,5
1,0,0,0,1,0,1,0,1,0,0,3 채태인,4,임기영,3
1,0,0,1,0,0,0,1,1,0,0,3 채태인,4,임기영,3
0,1,0,0,0,1,0,1,1,0,0,3 채태인,4,정용운,6
0,0,1,0,1,0,1,0,1,0,0,3 채태인,4,정용운,6
1,0,0,0,1,0,0,1,1,0,0,5 채태인,4,보우덴,-1
0,1,0,1,0,0,0,1,0,0,1,5 채태인,4,보우덴,-1
0,1,0,0,1,0,0,1,1,0,0,5 채태인,4,김승회,2
0,0,1,0,0,1,1,0,1,0,0,5 채태인,4,김강률,3
1,0,0,0,0,1,1,0,1,0,0,5 채태인,4,장원준,0
0,1,0,1,0,0,0,1,1,0,0,5 채태인,4,장원준,0
0,1,0,1,0,0,0,1,0,1,0,5 채태인,4,장원준,0
0,0,1,0,0,1,0,1,0,1,0,5 채태인,4,이현호,5
1,0,0,0,1,0,0,1,0,1,0,5 채태인,4,윤규진,2
0,1,0,1,0,0,0,1,0,1,0,5 채태인,4,윤규진,2
0,0,1,1,0,0,0,1,1,0,0,5 채태인,4,윤규진,2
0,0,1,1,0,0,1,0,1,0,0,5 채태인,4,송창식,2
1,0,0,0,0,1,1,0,1,0,0,5 채태인,4,김재영,5
0,1,0,0,1,0,0,1,0,0,1,5 채태인,4,김재영,5
0,1,0,0,0,1,1,0,0,1,0,5 채태인,4,김재영,5
0,0,1,1,0,0,0,1,0,1,0,5 채태인,4,심수창,2
1,0,0,0,0,1,1,0,1,0,0,5 채태인,4,김대우,3
1,0,0,0,1,0,1,0,1,0,0,5 채태인,4,김대우,3
0,1,0,1,0,0,1,0,1,0,0,5 채태인,4,김동호,-1
0,1,0,1,0,0,0,1,0,1,0,5 채태인,4,최충연,5
0,0,1,0,1,0,1,0,1,0,0,5 채태인,4,권오준,1
0,0,1,0,0,1,0,1,1,0,0,5 채태인,4,장필준,5
0,0,1,0,0,1,0,1,1,0,0,6 채태인,4,이명우,-1
1,0,0,1,0,0,1,0,0,0,1,5 채태인,4,송승준,0
0,1,0,0,1,0,0,1,0,1,0,5 채태인,4,송승준,0
0,1,0,1,0,0,1,0,0,1,0,5 채태인,4,송승준,0
0,0,1,0,0,1,0,1,1,0,0,5 채태인,4,장시환,3
0,0,1,0,1,0,0,1,0,1,0,5 채태인,4,손승락,2
0,0,1,1,0,0,1,0,1,0,0,5 채태인,4,조정훈,-1
1,0,0,1,0,0,1,0,1,0,0,5 채태인,4,장현식,3
1,0,0,0,0,1,1,0,0,1,0,5 채태인,4,장현식,3
0,1,0,0,1,0,0,1,1,0,0,5 채태인,4,장현식,3
1,0,0,0,0,1,0,1,1,0,0,5 채태인,4,강윤구,1
0,1,0,1,0,0,0,1,0,0,1,5 채태인,4,이민호,1
0,1,0,0,0,1,0,1,0,0,1,5 채태인,4,김진성,3
0,0,1,1,0,0,0,1,1,0,0,5 채태인,4,원종현,3
1,0,0,0,0,1,0,1,1,0,0,5 채태인,4,페트릭,-1
1,0,0,0,0,1,0,1,0,1,0,5 채태인,4,페트릭,-1
0,1,0,0,1,0,1,0,1,0,0,5 채태인,4,권오준,1
0,1,0,0,0,1,0,1,1,0,0,5 채태인,4,최충연,5
0,0,1,0,1,0,0,1,1,0,0,5 채태인,4,정인욱,3
1,0,0,0,0,1,1,0,1,0,0,5 채태인,4,우규민,4
1,0,0,0,0,1,1,0,1,0,0,5 채태인,4,우규민,4
0,1,0,0,1,0,0,1,0,1,0,5 채태인,4,우규민,4
0,0,1,0,1,0,1,0,0,0,1,5 채태인,4,김대우,3
0,0,1,1,0,0,1,0,1,0,0,8 채태인,4,김승회,2
1,0,0,1,0,0,0,1,0,1,0,5 채태인,4,린드블럼,1
1,0,0,1,0,0,0,1,0,1,0,5 채태인,4,린드블럼,1
0,1,0,0,1,0,0,1,1,0,0,5 채태인,4,린드블럼,1
0,1,0,0,0,1,1,0,1,0,0,5 채태인,4,김유영,-1
0,0,1,0,0,1,1,0,1,0,0,5 채태인,4,박진형,5
1,0,0,0,1,0,0,1,1,0,0,5 채태인,4,다이아몬드,-1
1,0,0,0,0,1,0,1,1,0,0,5 채태인,4,다이아몬드,-1
0,1,0,1,0,0,0,1,0,1,0,5 채태인,4,채병용,4
0,1,0,0,0,1,0,1,0,1,0,5 채태인,4,서진용,5
1,0,0,0,0,1,0,1,1,0,0,5 채태인,4,켈리,6
1,0,0,0,1,0,1,0,1,0,0,5 채태인,4,켈리,6
0,1,0,0,1,0,1,0,1,0,0,5 채태인,4,켈리,6
0,0,1,0,1,0,0,1,1,0,0,9 채태인,4,김윤동,5
1,0,0,0,0,1,1,0,0,1,0,8 채태인,4,헥터,-1
0,1,0,0,0,1,0,1,1,0,0,8 채태인,4,헥터,-1
0,0,1,0,0,1,0,1,0,0,1,8 채태인,4,헥터,-1
0,0,1,0,1,0,1,0,0,0,1,8 채태인,4,심동섭,-1
1,0,0,0,1,0,1,0,1,0,0,3 채태인,4,로치,-1
0,1,0,0,1,0,0,1,0,1,0,3 채태인,4,로치,-1
0,1,0,0,1,0,0,1,1,0,0,3 채태인,4,로치,-1
0,0,1,1,0,0,0,1,0,1,0,3 채태인,4,이상화,5
1,0,0,1,0,0,1,0,0,1,0,7 채태인,4,허프,-1
0,1,0,0,1,0,0,1,1,0,0,7 채태인,4,허프,-1
0,0,1,1,0,0,1,0,1,0,0,7 채태인,4,허프,-1
0,0,1,0,0,1,1,0,1,0,0,7 채태인,4,정찬헌,3
0,0,1,1,0,0,0,1,1,0,0,7 채태인,4,이동현,2
0,0,1,0,0,1,1,0,1,0,0,6 채태인,4,박정배,3
0,0,1,0,0,1,0,1,1,0,0,9 채태인,4,배우열,6
1,0,0,0,1,0,1,0,0,1,0,5 채태인,4,류희운,5
1,0,0,0,1,0,0,1,1,0,0,5 채태인,4,류희운,5
0,1,0,1,0,0,0,1,1,0,0,5 채태인,4,홍성용,-1
0,0,1,0,1,0,0,1,0,1,0,5 채태인,4,이종혁,6
1,0,0,1,0,0,0,1,1,0,0,5 채태인,4,안영명,2
1,0,0,0,0,1,0,1,0,1,0,5 채태인,4,안영명,2
0,1,0,0,0,1,0,1,0,1,0,5 채태인,4,안영명,2
0,0,1,0,0,1,1,0,1,0,0,5 채태인,4,김경태,6
1,0,0,1,0,0,0,1,1,0,0,5 채태인,4,윤규진,2
1,0,0,0,0,1,1,0,0,0,1,5 채태인,4,윤규진,2
0,1,0,0,1,0,0,1,1,0,0,5 채태인,4,윤규진,2
0,0,1,0,0,1,0,1,1,0,0,5 채태인,4,김민우,5
0,0,1,0,1,0,0,1,1,0,0,7 채태인,4,김진성,3
1,0,0,0,0,1,0,1,0,0,1,3 채태인,4,린드블럼,1
1,0,0,0,0,1,0,1,0,1,0,3 채태인,4,린드블럼,1
0,1,0,0,0,1,0,1,1,0,0,3 채태인,4,린드블럼,1
0,0,1,0,0,1,0,1,1,0,0,3 채태인,4,강영식,-1
1,0,0,0,0,1,1,0,1,0,0,6 채태인,4,레일리,2
0,1,0,0,0,1,0,1,1,0,0,6 채태인,4,레일리,2
0,1,0,0,0,1,1,0,0,0,1,6 채태인,4,레일리,2
0,0,1,0,0,1,1,0,1,0,0,6 채태인,4,이성민,-1
1,0,0,0,1,0,1,0,0,0,1,7 채태인,4,송승준,0
0,1,0,0,1,0,0,1,1,0,0,7 채태인,4,송승준,0
0,1,0,1,0,0,0,1,1,0,0,7 채태인,4,김성배,-1
0,0,1,1,0,0,0,1,0,0,1,7 채태인,4,강영식,-1
1,0,0,0,0,1,1,0,0,0,1,7 채태인,4,마에스트리,-1
1,0,0,0,1,0,1,0,1,0,0,7 채태인,4,마에스트리,-1
0,1,0,0,0,1,0,1,0,0,1,7 채태인,4,마에스트리,-1
0,0,1,0,0,1,0,1,1,0,0,7 채태인,4,권혁,2
1,0,0,1,0,0,0,1,0,0,1,6 채태인,4,김재영,5
0,1,0,1,0,0,0,1,1,0,0,6 채태인,4,장민재,3
0,1,0,0,0,1,0,1,0,0,1,6 채태인,4,박정진,-1
0,0,1,0,0,1,0,1,1,0,0,6 채태인,4,송창현,5
1,0,0,0,1,0,1,0,0,1,0,6 채태인,4,송은범,4
0,1,0,1,0,0,0,1,1,0,0,6 채태인,4,송은범,4
0,1,0,0,1,0,0,1,0,1,0,6 채태인,4,송은범,4
0,0,1,0,0,1,0,1,0,1,0,6 채태인,4,권혁,2
1,0,0,0,1,0,1,0,1,0,0,6 채태인,4,니퍼트,4
0,1,0,0,1,0,1,0,1,0,0,6 채태인,4,니퍼트,4
0,0,1,0,1,0,0,1,0,1,0,6 채태인,4,니퍼트,4
0,0,1,0,1,0,1,0,1,0,0,6 채태인,4,이현승,2
1,0,0,0,0,1,0,1,1,0,0,6 채태인,4,유희관,4
0,1,0,1,0,0,1,0,0,1,0,6 채태인,4,유희관,4
0,1,0,0,0,1,0,1,1,0,0,6 채태인,4,이현호,5
0,0,1,1,0,0,0,1,1,0,0,6 채태인,4,오현택,3
0,0,1,1,0,0,0,1,1,0,0,6 채태인,4,김강률,3
0,0,1,0,1,0,0,1,0,1,0,6 채태인,4,정재훈,-1
1,0,0,0,0,1,0,1,0,1,0,6 채태인,4,장원준,0
0,1,0,0,0,1,0,1,0,1,0,6 채태인,4,장원준,0
0,1,0,0,0,1,1,0,1,0,0,6 채태인,4,장원준,0
0,0,1,1,0,0,1,0,0,0,1,6 채태인,4,정재훈,-1
1,0,0,0,1,0,1,0,0,0,1,6 채태인,4,밴와트,-1
0,1,0,0,1,0,0,1,1,0,0,6 채태인,4,밴와트,-1
0,1,0,0,1,0,1,0,0,1,0,6 채태인,4,밴와트,-1
0,0,1,1,0,0,0,1,1,0,0,6 채태인,4,김사율,-1
1,0,0,0,1,0,1,0,1,0,0,6 채태인,4,주권,3
0,1,0,0,1,0,1,0,1,0,0,6 채태인,4,주권,3
0,1,0,0,0,1,0,1,0,1,0,6 채태인,4,홍성용,-1
0,0,1,1,0,0,0,1,1,0,0,6 채태인,4,장시환,3
0,0,1,1,0,0,0,1,1,0,0,6 채태인,4,김재윤,5
1,0,0,1,0,0,1,0,1,0,0,6 채태인,4,엄상백,3
0,1,0,0,0,1,0,1,1,0,0,6 채태인,4,엄상백,3
0,0,1,1,0,0,0,1,1,0,0,6 채태인,4,고영표,-1
0,0,1,0,1,0,1,0,1,0,0,6 채태인,4,장시환,3
1,0,0,0,0,1,1,0,0,1,0,5 채태인,4,헥터,-1
1,0,0,0,0,1,1,0,1,0,0,5 채태인,4,헥터,-1
0,1,0,0,0,1,1,0,1,0,0,5 채태인,4,헥터,-1
0,1,0,0,0,1,0,1,1,0,0,5 채태인,4,심동섭,-1
0,0,1,0,0,1,0,1,1,0,0,5 채태인,4,한기주,3
1,0,0,0,1,0,0,1,0,1,0,6 채태인,4,윤석민,4
0,1,0,0,1,0,0,1,1,0,0,6 채태인,4,윤석민,4
0,0,1,0,1,0,0,1,0,1,0,6 채태인,4,윤석민,4
1,0,0,1,0,0,1,0,1,0,0,6 채태인,4,김광현,0
0,1,0,0,0,1,0,1,0,1,0,6 채태인,4,김광현,0
0,1,0,1,0,0,1,0,1,0,0,6 채태인,4,김광현,0
0,0,1,1,0,0,0,1,1,0,0,6 채태인,4,신재웅,3
1,0,0,0,1,0,1,0,0,1,0,6 채태인,4,켈리,6
0,1,0,0,0,1,0,1,1,0,0,6 채태인,4,켈리,6
0,0,1,0,1,0,1,0,1,0,0,6 채태인,4,김승회,2
1,0,0,0,0,1,0,1,1,0,0,3 채태인,4,박종훈,1
1,0,0,0,1,0,0,1,0,0,1,3 채태인,4,박종훈,1
0,1,0,0,1,0,0,1,1,0,0,3 채태인,4,박종훈,1
0,0,1,0,0,1,0,1,0,0,1,3 채태인,4,신재웅,3
1,0,0,1,0,0,0,1,0,0,1,3 채태인,4,코프랜드,-1
1,0,0,0,1,0,0,1,0,1,0,3 채태인,4,코프랜드,-1
0,1,0,0,1,0,1,0,1,0,0,3 채태인,4,코프랜드,-1
0,1,0,1,0,0,1,0,1,0,0,3 채태인,4,김지용,5
0,0,1,0,0,1,0,1,1,0,0,3 채태인,4,김지용,5
1,0,0,0,1,0,1,0,0,0,1,3 채태인,4,류제국,1
1,0,0,1,0,0,0,1,0,1,0,3 채태인,4,류제국,1
0,1,0,0,1,0,1,0,0,1,0,3 채태인,4,윤지웅,5
0,1,0,1,0,0,1,0,0,0,1,3 채태인,4,유원상,2
1,0,0,0,0,1,0,1,1,0,0,3 채태인,4,소사,-1
1,0,0,0,0,1,1,0,1,0,0,3 채태인,4,소사,-1
0,1,0,0,0,1,0,1,0,1,0,3 채태인,4,소사,-1
0,0,1,0,1,0,1,0,0,1,0,3 채태인,4,윤지웅,5
1,0,0,0,1,0,1,0,1,0,0,3 채태인,4,스튜어트,-1
0,1,0,1,0,0,0,1,0,1,0,3 채태인,4,스튜어트,-1
0,1,0,0,0,1,1,0,1,0,0,3 채태인,4,스튜어트,-1
0,0,1,0,0,1,1,0,1,0,0,3 채태인,4,임정호,-1
0,0,1,0,0,1,0,1,1,0,0,3 채태인,4,임창민,3
1,0,0,1,0,0,0,1,0,1,0,6 채태인,4,이재학,2
0,1,0,1,0,0,0,1,1,0,0,6 채태인,4,이재학,2
0,0,1,1,0,0,0,1,0,1,0,6 채태인,4,김진성,3
0,0,1,0,1,0,1,0,1,0,0,6 채태인,4,구창모,3
1,0,0,0,1,0,0,1,1,0,0,6 채태인,4,세든,-1
0,1,0,1,0,0,0,1,1,0,0,6 채태인,4,세든,-1
0,1,0,1,0,0,0,1,1,0,0,6 채태인,4,세든,-1
0,0,1,1,0,0,0,1,1,0,0,6 채태인,4,박희수,3
1,0,0,0,0,1,0,1,1,0,0,6 채태인,4,김광현,0
0,1,0,0,0,1,0,1,1,0,0,6 채태인,4,김광현,0
0,0,1,1,0,0,0,1,1,0,0,6 채태인,4,채병용,4
0,0,1,1,0,0,0,1,1,0,0,6 채태인,4,신재웅,3
1,0,0,0,0,1,1,0,1,0,0,6 채태인,4,켈리,6
0,1,0,0,0,1,0,1,1,0,0,6 채태인,4,켈리,6
0,1,0,1,0,0,0,1,0,0,1,6 채태인,4,정영일,6
0,0,1,1,0,0,1,0,1,0,0,6 채태인,4,전유수,3
0,0,1,0,0,1,0,1,0,1,0,6 채태인,4,박민호,6
1,0,0,0,0,1,1,0,1,0,0,6 채태인,4,장필준,5
1,0,0,0,1,0,0,1,1,0,0,6 채태인,4,장필준,5
0,1,0,0,0,1,0,1,0,1,0,6 채태인,4,김동호,-1
0,0,1,0,0,1,1,0,0,0,1,6 채태인,4,백정현,1
0,0,1,0,1,0,0,1,1,0,0,6 채태인,4,김기태,-1
1,0,0,1,0,0,0,1,1,0,0,6 채태인,4,김건한,-1
0,1,0,1,0,0,1,0,1,0,0,6 채태인,4,김기태,-1
0,1,0,0,1,0,0,1,1,0,0,6 채태인,4,김기태,-1
0,0,1,0,1,0,0,1,1,0,0,6 채태인,4,김대우,3
1,0,0,0,1,0,0,1,1,0,0,5 채태인,4,장원삼,0
0,1,0,0,1,0,0,1,1,0,0,5 채태인,4,장원삼,0
0,0,1,0,1,0,1,0,0,0,1,5 채태인,4,장원삼,0
0,0,1,0,1,0,0,1,1,0,0,5 채태인,4,심창민,-1
1,0,0,0,1,0,1,0,0,1,0,6 채태인,4,한기주,3
1,0,0,0,1,0,1,0,1,0,0,6 채태인,4,한기주,3
1,0,0,0,0,1,0,1,1,0,0,6 채태인,4,한기주,3
0,1,0,0,0,1,1,0,1,0,0,6 채태인,4,정용운,6
0,0,1,0,0,1,1,0,0,1,0,6 채태인,4,정용운,6
1,0,0,1,0,0,1,0,1,0,0,6 채태인,4,양현종,0
1,0,0,0,0,1,0,1,1,0,0,6 채태인,4,양현종,0
0,1,0,1,0,0,0,1,1,0,0,6 채태인,4,양현종,0
0,0,1,0,1,0,0,1,1,0,0,6 채태인,4,양현종,0
1,0,0,0,1,0,1,0,1,0,0,6 채태인,4,헥터,-1
0,1,0,1,0,0,0,1,1,0,0,6 채태인,4,헥터,-1
0,1,0,0,0,1,0,1,0,1,0,6 채태인,4,헥터,-1
0,0,1,1,0,0,1,0,1,0,0,6 채태인,4,홍건희,3
1,0,0,0,0,1,0,1,1,0,0,6 채태인,4,송승준,0
1,0,0,0,1,0,1,0,0,1,0,6 채태인,4,송승준,0
0,1,0,0,0,1,0,1,0,1,0,6 채태인,4,박시영,5
1,0,0,0,0,1,0,1,1,0,0,6 채태인,4,린드블럼,1
0,1,0,0,1,0,0,1,1,0,0,6 채태인,4,린드블럼,1
0,0,1,0,1,0,0,1,1,0,0,6 채태인,4,린드블럼,1
1,0,0,0,0,1,0,1,1,0,0,6 채태인,4,니퍼트,4
0,1,0,1,0,0,0,1,0,1,0,6 채태인,4,니퍼트,4
0,1,0,0,1,0,1,0,0,1,0,6 채태인,4,니퍼트,4
0,0,1,0,1,0,0,1,1,0,0,6 채태인,4,니퍼트,4
1,0,0,1,0,0,0,1,0,1,0,6 채태인,4,허준혁,5
0,1,0,1,0,0,0,1,1,0,0,6 채태인,4,허준혁,5
0,1,0,0,0,1,0,1,1,0,0,6 채태인,4,허준혁,5
0,0,1,0,0,1,1,0,1,0,0,6 채태인,4,진야곱,-1
1,0,0,0,1,0,0,1,1,0,0,5 채태인,4,유희관,4
0,1,0,0,1,0,1,0,1,0,0,5 채태인,4,유희관,4
0,1,0,0,0,1,0,1,0,1,0,5 채태인,4,유희관,4
1,0,0,0,0,1,0,1,1,0,0,3 채태인,4,스튜어트,-1
0,1,0,1,0,0,1,0,1,0,0,3 채태인,4,스튜어트,-1
0,1,0,0,1,0,0,1,0,0,1,3 채태인,4,스튜어트,-1
0,0,1,0,0,1,0,1,1,0,0,3 채태인,4,구창모,3
1,0,0,0,0,1,0,1,1,0,0,3 채태인,4,이재학,2
1,0,0,0,0,1,0,1,0,1,0,3 채태인,4,이재학,2
0,1,0,0,1,0,0,1,1,0,0,3 채태인,4,이재학,2
0,1,0,0,0,1,1,0,1,0,0,3 채태인,4,구창모,3
1,0,0,0,1,0,1,0,1,0,0,3 채태인,4,정수민,5
0,1,0,1,0,0,1,0,1,0,0,3 채태인,4,정수민,5
0,1,0,0,1,0,0,1,0,0,1,3 채태인,4,정수민,5
1,0,0,1,0,0,0,1,1,0,0,3 채태인,4,코프랜드,-1
1,0,0,0,1,0,1,0,0,1,0,3 채태인,4,코프랜드,-1
0,1,0,0,0,1,1,0,1,0,0,3 채태인,4,코프랜드,-1
0,0,1,0,1,0,1,0,1,0,0,3 채태인,4,윤지웅,5
1,0,0,0,1,0,1,0,1,0,0,3 채태인,4,우규민,4
1,0,0,0,1,0,1,0,0,1,0,3 채태인,4,우규민,4
0,1,0,0,0,1,0,1,1,0,0,3 채태인,4,진해수,3
0,0,1,1,0,0,0,1,1,0,0,3 채태인,4,윤지웅,5
0,0,1,0,1,0,0,1,1,0,0,3 채태인,4,이승현,5
1,0,0,0,1,0,1,0,1,0,0,3 채태인,4,소사,-1
1,0,0,0,0,1,1,0,0,1,0,3 채태인,4,소사,-1
0,1,0,1,0,0,0,1,1,0,0,3 채태인,4,소사,-1
0,0,1,0,1,0,0,1,1,0,0,3 채태인,4,윤지웅,5
1,0,0,0,0,1,0,1,1,0,0,3 채태인,4,로저스,-1
1,0,0,0,1,0,1,0,1,0,0,3 채태인,4,로저스,-1
0,1,0,1,0,0,0,1,1,0,0,3 채태인,4,로저스,-1
1,0,0,0,0,1,0,1,1,0,0,3 채태인,4,장민재,3
1,0,0,0,1,0,1,0,0,0,1,3 채태인,4,장민재,3
0,1,0,0,0,1,0,1,0,1,0,3 채태인,4,박정진,-1
0,1,0,0,0,1,1,0,0,1,0,3 채태인,4,권혁,2
0,0,1,0,1,0,0,1,1,0,0,3 채태인,4,정우람,2
1,0,0,0,0,1,0,1,1,0,0,3 채태인,4,송은범,4
0,1,0,1,0,0,1,0,1,0,0,3 채태인,4,송은범,4
0,1,0,1,0,0,0,1,1,0,0,3 채태인,4,송은범,4
0,0,1,0,1,0,1,0,0,0,1,3 채태인,4,박정진,-1
0,0,1,0,0,1,0,1,1,0,0,3 채태인,4,주권,3
1,0,0,0,1,0,0,1,0,0,1,6 채태인,4,밴와트,-1
0,1,0,0,1,0,0,1,0,0,1,6 채태인,4,밴와트,-1
0,1,0,0,1,0,0,1,1,0,0,6 채태인,4,밴와트,-1
0,0,1,1,0,0,1,0,1,0,0,6 채태인,4,고영표,-1
1,0,0,0,1,0,1,0,0,1,0,3 채태인,4,정대현,-1
0,1,0,1,0,0,0,1,1,0,0,3 채태인,4,정대현,-1
0,0,1,0,1,0,0,1,1,0,0,9 채태인,4,홍성용,-1
0,0,1,1,0,0,0,1,1,0,0,9 채태인,4,심재민,-1
0,0,1,0,0,1,1,0,0,0,1,9 채태인,4,김재윤,5
1,0,0,1,0,0,0,1,1,0,0,7 채태인,4,마리몬,-1
0,1,0,0,1,0,0,1,1,0,0,7 채태인,4,마리몬,-1
0,1,0,1,0,0,0,1,0,1,0,7 채태인,4,이창재,-1
0,0,1,1,0,0,0,1,1,0,0,7 채태인,4,최원재,-1
1,0,0,0,1,0,0,1,0,1,0,7 채태인,4,피노,-1
0,1,0,1,0,0,0,1,1,0,0,7 채태인,4,피노,-1
0,0,1,1,0,0,0,1,0,1,0,7 채태인,4,고영표,-1
1,0,0,0,1,0,1,0,1,0,0,7 채태인,4,박세웅,1
0,1,0,0,1,0,0,1,1,0,0,7 채태인,4,박세웅,1
0,0,1,1,0,0,0,1,0,1,0,7 채태인,4,박세웅,1
1,0,0,0,0,1,1,0,1,0,0,7 채태인,4,박진형,5
0,1,0,0,1,0,1,0,1,0,0,7 채태인,4,박진형,5
0,1,0,1,0,0,0,1,1,0,0,7 채태인,4,강영식,-1
0,0,1,0,1,0,1,0,1,0,0,7 채태인,4,이정민,-1
0,0,1,0,1,0,1,0,1,0,0,7 채태인,4,박시영,5
1,0,0,0,0,1,1,0,1,0,0,8 채태인,4,장민재,3
0,1,0,1,0,0,0,1,1,0,0,8 채태인,4,장민재,3
0,1,0,1,0,0,0,1,1,0,0,8 채태인,4,권혁,2
0,0,1,0,1,0,0,1,1,0,0,8 채태인,4,권혁,2
0,0,1,1,0,0,0,1,0,1,0,7 채태인,4,정우람,2
0,1,0,0,0,1,0,1,0,0,1,8 채태인,4,김동호,-1
0,0,1,1,0,0,0,1,1,0,0,8 채태인,4,임대한,-1
0,0,1,0,1,0,1,0,1,0,0,8 채태인,4,권오준,1
0,0,1,1,0,0,0,1,0,1,0,9 채태인,4,안지만,-1
0,0,1,1,0,0,0,1,1,0,0,8 채태인,4,임정우,3
0,0,1,1,0,0,0,1,0,1,0,8 채태인,4,소사,-1
1,0,0,0,0,1,1,0,1,0,0,5 채태인,4,류제국,1
0,1,0,0,0,1,0,1,1,0,0,5 채태인,4,류제국,1
0,0,1,0,0,1,0,1,1,0,0,5 채태인,4,류제국,1
0,0,1,0,0,1,0,1,0,0,1,5 채태인,4,신승현,-1
1,0,0,0,0,1,1,0,0,1,0,7 채태인,4,송은범,4
0,1,0,1,0,0,0,1,0,0,1,7 채태인,4,송은범,4
0,1,0,0,0,1,1,0,0,1,0,7 채태인,4,권혁,2
0,0,1,0,1,0,0,1,1,0,0,7 채태인,4,장민재,3
1,0,0,0,1,0,0,1,0,1,0,7 채태인,4,윤규진,2
0,1,0,0,1,0,0,1,0,1,0,7 채태인,4,송창식,2
0,1,0,0,1,0,0,1,0,1,0,7 채태인,4,박정진,-1
0,0,1,1,0,0,1,0,0,1,0,7 채태인,4,정대훈,-1
1,0,0,0,1,0,0,1,0,1,0,6 채태인,4,카스티요,-1
1,0,0,1,0,0,0,1,1,0,0,6 채태인,4,카스티요,-1
0,1,0,1,0,0,0,1,0,1,0,6 채태인,4,권혁,2
0,1,0,0,0,1,0,1,1,0,0,6 채태인,4,심수창,2
1,0,0,1,0,0,0,1,1,0,0,7 채태인,4,지크,-1
1,0,0,0,1,0,0,1,1,0,0,7 채태인,4,지크,-1
0,1,0,1,0,0,0,1,1,0,0,7 채태인,4,이준영,-1
0,1,0,0,0,1,0,1,1,0,0,7 채태인,4,이준영,-1
1,0,0,0,0,1,1,0,1,0,0,7 채태인,4,홍건희,3
0,1,0,0,1,0,1,0,1,0,0,7 채태인,4,홍건희,3
0,1,0,1,0,0,0,1,0,1,0,7 채태인,4,한승혁,3
0,0,1,1,0,0,0,1,1,0,0,7 채태인,4,최영필,-1
0,1,0,0,1,0,0,1,1,0,0,8 채태인,4,김광수,-1
0,0,1,0,1,0,0,1,1,0,0,8 채태인,4,최영필,-1
0,0,1,1,0,0,1,0,1,0,0,8 채태인,4,임창용,-1
1,0,0,0,0,1,1,0,1,0,0,7 채태인,4,니퍼트,4
0,1,0,1,0,0,0,1,1,0,0,7 채태인,4,니퍼트,4
0,0,1,1,0,0,0,1,1,0,0,7 채태인,4,진야곱,-1
0,0,1,1,0,0,0,1,0,0,1,7 채태인,4,정재훈,-1
1,0,0,0,0,1,1,0,0,1,0,7 채태인,4,유희관,4
0,1,0,0,0,1,0,1,1,0,0,7 채태인,4,유희관,4
0,0,1,1,0,0,0,1,1,0,0,7 채태인,4,유희관,4
0,0,1,0,1,0,1,0,1,0,0,7 채태인,4,이현승,2
1,0,0,1,0,0,0,1,1,0,0,7 채태인,4,이재학,2
0,1,0,1,0,0,1,0,0,1,0,7 채태인,4,이재학,2
0,1,0,0,0,1,0,1,1,0,0,7 채태인,4,최금강,-1
0,0,1,0,0,1,1,0,1,0,0,7 채태인,4,원종현,3
0,0,1,0,0,1,0,1,1,0,0,7 채태인,4,임창민,3
1,0,0,1,0,0,0,1,1,0,0,7 채태인,4,정수민,5
0,1,0,1,0,0,0,1,1,0,0,7 채태인,4,정수민,5
0,1,0,0,0,1,1,0,0,1,0,7 채태인,4,장현식,3
0,0,1,1,0,0,1,0,1,0,0,7 채태인,4,박준영,-1
1,0,0,0,0,1,1,0,1,0,0,7 채태인,4,김학성,-1
1,0,0,0,0,1,1,0,1,0,0,7 채태인,4,최금강,-1
0,1,0,1,0,0,0,1,1,0,0,7 채태인,4,김진성,3
0,1,0,0,0,1,1,0,0,1,0,7 채태인,4,장현식,3
1,0,0,0,0,1,1,0,1,0,0,7 채태인,4,주권,3
0,1,0,0,1,0,1,0,0,1,0,7 채태인,4,주권,3
0,1,0,0,1,0,0,1,1,0,0,7 채태인,4,이창재,-1
0,0,1,0,0,1,1,0,0,1,0,7 채태인,4,홍성용,-1
1,0,0,0,0,1,0,1,1,0,0,7 채태인,4,소사,-1
0,1,0,0,0,1,1,0,0,1,0,7 채태인,4,소사,-1
0,1,0,1,0,0,0,1,0,0,1,7 채태인,4,유원상,2
0,0,1,1,0,0,0,1,1,0,0,7 채태인,4,김지용,5
0,0,1,0,0,1,1,0,1,0,0,7 채태인,4,임정우,3
1,0,0,0,1,0,0,1,1,0,0,7 채태인,4,우규민,4
0,1,0,1,0,0,0,1,1,0,0,7 채태인,4,우규민,4
0,1,0,0,0,1,0,1,0,1,0,7 채태인,4,우규민,4
0,0,1,0,1,0,0,1,1,0,0,7 채태인,4,진해수,3
0,0,1,0,1,0,1,0,1,0,0,9 채태인,4,진해수,3
1,0,0,1,0,0,0,1,1,0,0,5 채태인,4,박종훈,1
1,0,0,0,0,1,1,0,0,1,0,5 채태인,4,박종훈,1
0,1,0,0,1,0,1,0,0,1,0,5 채태인,4,박종훈,1
1,0,0,0,0,1,0,1,1,0,0,6 채태인,4,윤희상,2
0,1,0,0,1,0,0,1,1,0,0,6 채태인,4,윤희상,2
0,0,1,0,0,1,0,1,1,0,0,6 채태인,4,윤희상,2
0,0,1,0,0,1,1,0,1,0,0,6 채태인,4,박희수,3
1,0,0,0,0,1,0,1,1,0,0,7 채태인,4,보우덴,-1
0,1,0,0,1,0,1,0,1,0,0,7 채태인,4,보우덴,-1
0,0,1,1,0,0,0,1,0,1,0,7 채태인,4,윤명준,5
0,0,1,0,0,1,0,1,0,0,1,7 채태인,4,김강률,3
1,0,0,0,0,1,0,1,1,0,0,7 채태인,4,유희관,4
1,0,0,0,1,0,1,0,0,0,1,7 채태인,4,유희관,4
0,1,0,0,1,0,1,0,0,1,0,7 채태인,4,이현호,5
0,1,0,0,0,1,0,1,1,0,0,7 채태인,4,윤명준,5
0,0,1,0,0,1,1,0,0,1,0,7 채태인,4,김성배,-1
1,0,0,0,0,1,0,1,0,1,0,7 채태인,4,니퍼트,4
0,1,0,1,0,0,0,1,1,0,0,7 채태인,4,이현호,5
0,1,0,0,0,1,1,0,0,1,0,7 채태인,4,김강률,3
0,0,1,1,0,0,0,1,0,0,1,7 채태인,4,진야곱,-1
0,0,1,0,1,0,0,1,1,0,0,7 채태인,4,조승수,-1
1,0,0,0,0,1,1,0,0,1,0,7 채태인,4,플란데,-1
1,0,0,0,0,1,1,0,1,0,0,7 채태인,4,플란데,-1
0,1,0,0,0,1,0,1,1,0,0,7 채태인,4,플란데,-1
1,0,0,0,0,1,0,1,1,0,0,7 채태인,4,박세웅,1
0,1,0,0,1,0,0,1,1,0,0,7 채태인,4,박세웅,1
0,1,0,0,0,1,0,1,1,0,0,7 채태인,4,박세웅,1
0,0,1,0,1,0,0,1,0,1,0,7 채태인,4,윤길현,2
1,0,0,0,0,1,0,1,0,1,0,7 채태인,4,린드블럼,1
0,1,0,0,1,0,1,0,1,0,0,7 채태인,4,린드블럼,1
0,1,0,0,1,0,0,1,1,0,0,7 채태인,4,린드블럼,1
0,0,1,0,1,0,0,1,0,1,0,7 채태인,4,김유영,-1
1,0,0,1,0,0,1,0,1,0,0,7 채태인,4,윤희상,2
0,1,0,0,1,0,0,1,0,1,0,7 채태인,4,윤희상,2
0,1,0,1,0,0,0,1,1,0,0,7 채태인,4,윤희상,2
0,0,1,1,0,0,0,1,1,0,0,7 채태인,4,채병용,4
1,0,0,0,1,0,1,0,1,0,0,3 채태인,4,켈리,6
1,0,0,0,0,1,1,0,1,0,0,3 채태인,4,켈리,6
0,1,0,0,1,0,0,1,1,0,0,3 채태인,4,켈리,6
0,0,1,1,0,0,0,1,0,1,0,3 채태인,4,채병용,4
1,0,0,1,0,0,0,1,1,0,0,6 채태인,4,임준혁,-1
1,0,0,0,0,1,0,1,1,0,0,6 채태인,4,김주한,5
0,1,0,0,1,0,0,1,0,1,0,6 채태인,4,신재웅,3
1,0,0,0,1,0,1,0,0,1,0,3 채태인,4,밴와트,-1
1,0,0,0,0,1,1,0,1,0,0,3 채태인,4,밴와트,-1
0,1,0,0,1,0,1,0,0,1,0,3 채태인,4,밴와트,-1
0,0,1,0,1,0,0,1,1,0,0,3 채태인,4,이창재,-1
1,0,0,0,0,1,0,1,1,0,0,3 채태인,4,주권,3
0,1,0,1,0,0,0,1,1,0,0,3 채태인,4,주권,3
0,1,0,0,0,1,0,1,1,0,0,3 채태인,4,주권,3
0,0,1,0,0,1,0,1,0,1,0,3 채태인,4,주권,3
0,0,1,1,0,0,0,1,1,0,0,7 채태인,4,김광수,-1
1,0,0,0,0,1,0,1,0,1,0,3 채태인,4,박준표,5
1,0,0,0,0,1,0,1,1,0,0,3 채태인,4,최영필,-1
1,0,0,0,0,1,0,1,1,0,0,3 채태인,4,유희관,4
0,1,0,0,1,0,0,1,0,1,0,3 채태인,4,유희관,4
0,1,0,0,0,1,0,1,1,0,0,3 채태인,4,유희관,4
0,0,1,1,0,0,1,0,0,0,1,3 채태인,4,함덕주,3
1,0,0,1,0,0,0,1,1,0,0,4 채태인,4,니퍼트,4
0,1,0,1,0,0,0,1,1,0,0,4 채태인,4,니퍼트,4
0,0,1,1,0,0,0,1,0,1,0,4 채태인,4,니퍼트,4
0,0,1,0,0,1,0,1,0,1,0,4 채태인,4,윤명준,5
1,0,0,0,1,0,0,1,1,0,0,4 채태인,4,린드블럼,1
1,0,0,0,1,0,0,1,1,0,0,4 채태인,4,린드블럼,1
0,1,0,0,1,0,0,1,0,1,0,4 채태인,4,린드블럼,1
0,0,1,1,0,0,1,0,1,0,0,4 채태인,4,이정민,-1
0,0,1,0,0,1,0,1,1,0,0,4 채태인,4,김성재,-1
1,0,0,0,1,0,0,1,1,0,0,4 채태인,4,박진형,5
1,0,0,1,0,0,1,0,1,0,0,4 채태인,4,박진형,5
0,1,0,1,0,0,0,1,1,0,0,4 채태인,4,박진형,5
0,0,1,1,0,0,0,1,1,0,0,4 채태인,4,박시영,5
1,0,0,0,0,1,0,1,0,1,0,7 채태인,4,정수민,5
1,0,0,0,1,0,0,1,1,0,0,7 채태인,4,장현식,3
0,1,0,0,1,0,0,1,1,0,0,7 채태인,4,김진성,3
0,0,1,0,1,0,0,1,1,0,0,7 채태인,4,민태호,6
1,0,0,0,0,1,0,1,0,1,0,6 채태인,4,해커,2
0,1,0,0,0,1,0,1,1,0,0,6 채태인,4,해커,2
0,0,1,0,0,1,0,1,0,1,0,6 채태인,4,해커,2
1,0,0,0,0,1,0,1,1,0,0,6 채태인,4,윤성환,0
1,0,0,1,0,0,1,0,0,1,0,6 채태인,4,윤성환,0
0,1,0,0,1,0,0,1,1,0,0,6 채태인,4,윤성환,0
0,0,1,1,0,0,0,1,0,0,1,6 채태인,4,박근홍,3
0,0,1,0,1,0,0,1,1,0,0,2 채태인,4,정재원,5
1,0,0,0,0,1,0,1,0,1,0,6 채태인,4,허프,-1
1,0,0,0,0,1,0,1,1,0,0,6 채태인,4,허프,-1
0,1,0,1,0,0,1,0,1,0,0,6 채태인,4,허프,-1
0,0,1,0,0,1,1,0,1,0,0,6 채태인,4,허프,-1
1,0,0,0,1,0,1,0,1,0,0,3 채태인,4,류제국,1
1,0,0,0,1,0,0,1,1,0,0,3 채태인,4,류제국,1
0,1,0,1,0,0,0,1,1,0,0,3 채태인,4,류제국,1
0,0,1,1,0,0,0,1,0,0,1,3 채태인,4,윤지웅,5
0,0,1,1,0,0,0,1,1,0,0,8 채태인,4,권오준,1
1,0,0,0,1,0,1,0,0,1,0,6 채태인,4,박종훈,1
0,1,0,0,0,1,1,0,1,0,0,6 채태인,4,박종훈,1
0,1,0,0,1,0,0,1,1,0,0,6 채태인,4,전유수,3
0,0,1,0,1,0,1,0,1,0,0,6 채태인,4,이건욱,-1
1,0,0,0,1,0,0,1,0,1,0,7 채태인,4,채병용,4
1,0,0,1,0,0,1,0,1,0,0,6 채태인,4,이재우,-1
0,1,0,1,0,0,0,1,0,1,0,6 채태인,4,이태양,1
0,1,0,0,0,1,0,1,0,1,0,6 채태인,4,이태양,1
0,0,1,1,0,0,0,1,1,0,0,6 채태인,4,윤규진,2
0,1,0,0,0,1,0,1,0,0,1,8 채태인,4,김지용,5
1,0,0,0,1,0,1,0,1,0,0,3 채태인,4,류제국,1
0,1,0,0,1,0,0,1,1,0,0,3 채태인,4,류제국,1
0,1,0,1,0,0,1,0,1,0,0,3 채태인,4,류제국,1
0,0,1,0,1,0,1,0,1,0,0,1 채태인,4,고봉재,-1
1,0,0,1,0,0,1,0,1,0,0,6 채태인,4,안규영,-1
0,1,0,0,0,1,1,0,0,1,0,6 채태인,4,안규영,-1
0,0,1,1,0,0,0,1,1,0,0,6 채태인,4,윤명준,5
0,0,1,0,0,1,0,1,1,0,0,6 채태인,4,홍상삼,3
0,0,1,1,0,0,1,0,1,0,0,8 채태인,4,임창용,-1
1,0,0,0,1,0,1,0,1,0,0,6 채태인,4,홍건희,3
0,1,0,1,0,0,1,0,1,0,0,6 채태인,4,홍건희,3
0,1,0,1,0,0,1,0,0,1,0,8 채태인,4,이창재,-1
0,0,1,0,1,0,0,1,1,0,0,2 채태인,4,고영표,-1
0,0,1,0,0,1,0,1,0,1,0,5 채태인,4,박한길,-1
0,1,0,0,0,1,0,1,1,0,0,8 채태인,4,홍성민,5
0,0,1,0,1,0,1,0,0,1,0,3 채태인,4,윤석민,4
0,0,1,0,1,0,0,1,0,1,0,8 채태인,4,김명찬,-1
0,0,1,0,1,0,1,0,1,0,0,9 채태인,4,박근홍,3
1,0,0,0,0,1,0,1,0,1,0,6 채태인,4,정인욱,3
1,0,0,0,0,1,0,1,1,0,0,6 채태인,4,정인욱,3
0,1,0,0,0,1,1,0,1,0,0,6 채태인,4,정인욱,3
0,0,1,0,1,0,0,1,1,0,0,6 채태인,4,김대우,3
0,0,1,0,0,1,1,0,1,0,0,6 채태인,4,심창민,-1
0,0,1,0,0,1,0,1,1,0,0,3 채태인,4,고봉재,-1
1,0,0,0,1,0,1,0,1,0,0,3 채태인,4,송은범,4
1,0,0,0,1,0,0,1,1,0,0,3 채태인,4,송은범,4
0,1,0,0,0,1,0,1,1,0,0,3 채태인,4,장민재,3
0,0,1,0,1,0,0,1,1,0,0,3 채태인,4,장민재,3
0,0,1,0,1,0,0,1,1,0,0,3 채태인,4,장민재,3
1,0,0,0,0,1,0,1,1,0,0,6 채태인,4,장현식,3
0,1,0,0,0,1,0,1,1,0,0,6 채태인,4,장현식,3
0,0,1,0,0,1,0,1,1,0,0,6 채태인,4,장현식,3
0,0,1,0,0,1,1,0,0,1,0,9 채태인,4,배장호,3
1,0,0,1,0,0,0,1,1,0,0,6 채태인,4,소사,-1
0,1,0,1,0,0,0,1,1,0,0,6 채태인,4,소사,-1
0,1,0,0,1,0,0,1,0,1,0,6 채태인,4,소사,-1
0,0,1,0,1,0,1,0,1,0,0,6 채태인,4,정찬헌,3
1,0,0,0,0,1,1,0,1,0,0,5 채태인,4,우규민,4
1,0,0,0,0,1,0,1,1,0,0,5 채태인,4,우규민,4
0,1,0,0,0,1,0,1,1,0,0,5 채태인,4,이동현,2
0,0,1,1,0,0,1,0,1,0,0,5 채태인,4,봉중근,-1
0,0,1,0,1,0,1,0,0,1,0,4 채태인,4,임정우,3
0,0,1,0,0,1,1,0,1,0,0,5 채태인,4,정찬헌,3
1,0,0,1,0,0,1,0,1,0,0,3 채태인,4,험버,-1
1,0,0,0,0,1,1,0,0,0,1,3 채태인,4,험버,-1
1,0,0,0,0,1,0,1,0,1,0,3 채태인,4,안영명,2
1,0,0,0,1,0,1,0,1,0,0,3 채태인,4,임준섭,3
0,1,0,0,1,0,1,0,0,1,0,3 채태인,4,김기현,-1
0,0,1,1,0,0,0,1,0,1,0,3 채태인,4,박정진,-1
0,0,1,0,0,1,1,0,1,0,0,3 채태인,4,권혁,2
1,0,0,0,0,1,0,1,0,1,0,3 채태인,4,유먼,-1
1,0,0,1,0,0,0,1,1,0,0,3 채태인,4,유먼,-1
0,1,0,1,0,0,0,1,1,0,0,3 채태인,4,유먼,-1
0,0,1,1,0,0,0,1,1,0,0,3 채태인,4,김기현,-1
1,0,0,1,0,0,1,0,0,0,1,3 채태인,4,안영명,2
1,0,0,0,0,1,0,1,0,0,1,3 채태인,4,김기현,-1
0,1,0,0,0,1,1,0,1,0,0,3 채태인,4,김기현,-1
0,0,1,1,0,0,0,1,1,0,0,3 채태인,4,박정진,-1
0,0,1,0,0,1,0,1,1,0,0,3 채태인,4,권혁,2
1,0,0,1,0,0,0,1,0,1,0,3 채태인,4,해커,2
1,0,0,0,1,0,0,1,1,0,0,3 채태인,4,해커,2
0,1,0,1,0,0,0,1,1,0,0,3 채태인,4,해커,2
0,0,1,1,0,0,0,1,0,1,0,3 채태인,4,해커,2
0,0,1,0,0,1,1,0,0,1,0,3 채태인,4,이민호,1
1,0,0,1,0,0,0,1,0,0,1,3 채태인,4,노성호,5
1,0,0,0,1,0,1,0,1,0,0,3 채태인,4,노성호,5
0,1,0,1,0,0,1,0,0,1,0,3 채태인,4,고창성,-1
0,1,0,0,1,0,0,1,1,0,0,3 채태인,4,손정욱,-1
0,0,1,0,0,1,1,0,0,1,0,3 채태인,4,최금강,-1
1,0,0,0,0,1,0,1,0,1,0,3 채태인,4,박명환,-1
0,1,0,0,1,0,0,1,1,0,0,3 채태인,4,박명환,-1
0,1,0,0,0,1,1,0,1,0,0,3 채태인,4,박명환,-1
0,0,1,0,0,1,0,1,1,0,0,3 채태인,4,임창민,3
1,0,0,0,1,0,1,0,0,0,1,3 채태인,4,유창식,-1
1,0,0,0,0,1,1,0,1,0,0,3 채태인,4,유창식,-1
0,1,0,0,0,1,1,0,1,0,0,3 채태인,4,유창식,-1
0,0,1,0,1,0,1,0,0,1,0,3 채태인,4,박준표,5
0,0,1,1,0,0,0,1,0,1,0,3 채태인,4,문경찬,6
1,0,0,0,0,1,0,1,0,0,1,3 채태인,4,양현종,0
0,1,0,1,0,0,0,1,1,0,0,3 채태인,4,양현종,0
0,1,0,1,0,0,1,0,0,1,0,3 채태인,4,양현종,0
0,0,1,1,0,0,0,1,1,0,0,3 채태인,4,양현종,0
1,0,0,0,0,1,0,1,0,0,1,3 채태인,4,스틴슨,-1
1,0,0,0,0,1,1,0,1,0,0,3 채태인,4,스틴슨,-1
0,1,0,1,0,0,0,1,0,1,0,3 채태인,4,스틴슨,-1
0,0,1,0,0,1,1,0,0,1,0,3 채태인,4,스틴슨,-1
1,0,0,0,1,0,1,0,0,1,0,3 채태인,4,밴헤켄,-1
1,0,0,1,0,0,1,0,1,0,0,3 채태인,4,밴헤켄,-1
0,1,0,0,1,0,1,0,0,1,0,3 채태인,4,밴헤켄,-1
0,0,1,1,0,0,0,1,0,0,1,3 채태인,4,김세현,1
0,0,1,0,0,1,0,1,1,0,0,3 채태인,4,문성현,1
1,0,0,0,0,1,0,1,0,1,0,3 채태인,4,한현희,1
1,0,0,1,0,0,0,1,0,0,1,3 채태인,4,한현희,1
0,1,0,1,0,0,0,1,1,0,0,3 채태인,4,한현희,1
1,0,0,0,0,1,0,1,1,0,0,3 채태인,4,김동준,5
1,0,0,0,1,0,0,1,0,0,1,3 채태인,4,김동준,5
0,1,0,1,0,0,0,1,1,0,0,3 채태인,4,김택형,5
0,1,0,0,0,1,1,0,1,0,0,3 채태인,4,김대우,3
1,0,0,0,0,1,0,1,1,0,0,3 채태인,4,류제국,1
0,1,0,1,0,0,0,1,1,0,0,3 채태인,4,류제국,1
0,1,0,0,1,0,0,1,1,0,0,3 채태인,4,류제국,1
0,0,1,0,1,0,1,0,1,0,0,3 채태인,4,신재웅,3
0,0,1,1,0,0,1,0,0,1,0,2 채태인,4,정찬헌,3
0,0,1,0,1,0,1,0,1,0,0,2 채태인,4,봉중근,-1
0,0,1,0,1,0,0,1,1,0,0,8 채태인,4,이동현,2
1,0,0,0,1,0,1,0,0,1,0,3 채태인,4,이상화,5
1,0,0,0,1,0,0,1,1,0,0,3 채태인,4,이상화,5
0,1,0,0,1,0,0,1,1,0,0,3 채태인,4,이상화,5
0,1,0,1,0,0,1,0,0,0,1,3 채태인,4,이명우,-1
0,0,1,0,1,0,1,0,0,1,0,3 채태인,4,심수창,2
1,0,0,1,0,0,0,1,0,1,0,3 채태인,4,구승민,5
1,0,0,0,1,0,1,0,1,0,0,3 채태인,4,구승민,5
0,1,0,1,0,0,0,1,0,1,0,3 채태인,4,구승민,5
1,0,0,0,1,0,1,0,1,0,0,3 채태인,4,린드블럼,1
1,0,0,0,0,1,1,0,0,1,0,3 채태인,4,린드블럼,1
0,1,0,1,0,0,0,1,1,0,0,3 채태인,4,린드블럼,1
0,0,1,1,0,0,0,1,1,0,0,3 채태인,4,이명우,-1
1,0,0,0,1,0,0,1,1,0,0,3 채태인,4,박명환,-1
1,0,0,0,0,1,0,1,0,1,0,3 채태인,4,박명환,-1
0,1,0,1,0,0,1,0,1,0,0,3 채태인,4,박명환,-1
0,0,1,1,0,0,0,1,0,1,0,3 채태인,4,노성호,5
1,0,0,0,0,1,0,1,1,0,0,3 채태인,4,이민호,1
0,1,0,1,0,0,1,0,1,0,0,3 채태인,4,이민호,1
0,1,0,0,1,0,0,1,1,0,0,3 채태인,4,임정호,-1
0,0,1,0,0,1,1,0,1,0,0,3 채태인,4,최금강,-1
1,0,0,0,0,1,0,1,0,1,0,3 채태인,4,해커,2
0,1,0,0,1,0,0,1,1,0,0,3 채태인,4,해커,2
0,1,0,0,0,1,0,1,1,0,0,3 채태인,4,해커,2
0,0,1,0,1,0,1,0,1,0,0,3 채태인,4,손정욱,-1
0,0,1,0,1,0,0,1,1,0,0,8 채태인,4,탈보트,-1
1,0,0,0,0,1,0,1,0,0,1,3 채태인,4,안영명,2
0,1,0,1,0,0,0,1,0,1,0,3 채태인,4,안영명,2
0,1,0,1,0,0,0,1,0,1,0,3 채태인,4,김기현,-1
0,0,1,1,0,0,1,0,1,0,0,3 채태인,4,박정진,-1
1,0,0,0,0,1,0,1,0,1,0,3 채태인,4,유먼,-1
1,0,0,0,1,0,0,1,1,0,0,3 채태인,4,유먼,-1
0,1,0,0,0,1,0,1,0,1,0,3 채태인,4,유먼,-1
0,0,1,0,1,0,0,1,1,0,0,3 채태인,4,박정진,-1
0,0,1,0,0,1,0,1,1,0,0,3 채태인,4,윤규진,2
1,0,0,0,1,0,1,0,0,1,0,3 채태인,4,유창식,-1
1,0,0,1,0,0,0,1,0,0,1,3 채태인,4,유창식,-1
0,1,0,0,0,1,0,1,1,0,0,3 채태인,4,홍건희,3
0,1,0,0,1,0,1,0,1,0,0,3 채태인,4,홍건희,3
1,0,0,0,1,0,1,0,0,1,0,3 채태인,4,김진우,-1
1,0,0,0,1,0,0,1,1,0,0,3 채태인,4,김진우,-1
0,1,0,0,1,0,0,1,0,1,0,3 채태인,4,김진우,-1
0,0,1,0,0,1,1,0,0,1,0,3 채태인,4,김병현,-1
1,0,0,0,1,0,1,0,0,0,1,3 채태인,4,장원준,0
1,0,0,0,1,0,0,1,0,1,0,3 채태인,4,장원준,0
0,1,0,1,0,0,1,0,1,0,0,3 채태인,4,장원준,0
0,0,1,1,0,0,0,1,1,0,0,3 채태인,4,함덕주,3
0,0,1,0,0,1,0,1,1,0,0,3 채태인,4,이현승,2
1,0,0,0,1,0,1,0,1,0,0,3 채태인,4,진야곱,-1
1,0,0,1,0,0,0,1,0,0,1,3 채태인,4,진야곱,-1
0,1,0,1,0,0,0,1,1,0,0,3 채태인,4,진야곱,-1
0,0,1,0,0,1,0,1,1,0,0,3 채태인,4,이현호,5
0,0,1,0,1,0,1,0,0,1,0,3 채태인,4,노경은,-1
1,0,0,0,1,0,0,1,1,0,0,3 채태인,4,김수완,-1
1,0,0,1,0,0,1,0,1,0,0,3 채태인,4,윤명준,5
0,0,1,1,0,0,1,0,0,1,0,6 채태인,4,윤길현,2
1,0,0,1,0,0,0,1,0,1,0,3 채태인,4,이상화,5
1,0,0,1,0,0,1,0,1,0,0,3 채태인,4,강영식,-1
0,1,0,1,0,0,0,1,0,1,0,3 채태인,4,심수창,2
0,1,0,0,1,0,0,1,1,0,0,3 채태인,4,심수창,2
0,0,1,0,0,1,0,1,1,0,0,3 채태인,4,박세웅,1
1,0,0,1,0,0,0,1,1,0,0,3 채태인,4,송승준,0
1,0,0,0,1,0,0,1,0,1,0,3 채태인,4,송승준,0
0,1,0,0,0,1,1,0,1,0,0,3 채태인,4,송승준,0
0,1,0,0,0,1,1,0,0,1,0,3 채태인,4,이명우,-1
0,0,1,0,1,0,1,0,1,0,0,3 채태인,4,이성민,-1
0,0,1,1,0,0,0,1,1,0,0,3 채태인,4,이성민,-1
1,0,0,0,1,0,1,0,0,1,0,3 채태인,4,엄상백,3
1,0,0,0,1,0,1,0,1,0,0,3 채태인,4,엄상백,3
0,1,0,1,0,0,0,1,1,0,0,3 채태인,4,엄상백,3
0,0,1,1,0,0,0,1,1,0,0,3 채태인,4,홍성용,-1
0,0,1,1,0,0,0,1,1,0,0,3 채태인,4,이창재,-1
1,0,0,0,1,0,1,0,0,1,0,3 채태인,4,윤근영,3
1,0,0,0,1,0,0,1,1,0,0,3 채태인,4,윤근영,3
0,1,0,0,1,0,1,0,0,0,1,3 채태인,4,윤근영,3
0,1,0,0,0,1,1,0,1,0,0,3 채태인,4,조무근,5
0,0,1,0,0,1,1,0,0,1,0,3 채태인,4,이창재,-1
1,0,0,0,0,1,0,1,1,0,0,3 채태인,4,옥스프링,-1
1,0,0,0,1,0,0,1,0,1,0,3 채태인,4,옥스프링,-1
0,1,0,1,0,0,0,1,1,0,0,3 채태인,4,옥스프링,-1
0,0,1,0,0,1,1,0,1,0,0,3 채태인,4,옥스프링,-1
1,0,0,0,0,1,0,1,0,0,1,3 채태인,4,금민철,2
1,0,0,0,1,0,0,1,1,0,0,3 채태인,4,금민철,2
0,1,0,0,1,0,1,0,1,0,0,3 채태인,4,김세현,1
0,1,0,0,1,0,0,1,0,0,1,3 채태인,4,조상우,5
0,0,1,0,0,1,1,0,1,0,0,3 채태인,4,김대우,3
0,0,1,0,0,1,0,1,1,0,0,3 채태인,4,문성현,1
1,0,0,0,0,1,0,1,1,0,0,3 채태인,4,피어밴드,1
0,1,0,1,0,0,0,1,1,0,0,3 채태인,4,피어밴드,1
0,1,0,1,0,0,0,1,1,0,0,3 채태인,4,피어밴드,1
0,0,1,0,1,0,1,0,0,1,0,3 채태인,4,조상우,5
1,0,0,0,1,0,1,0,0,1,0,3 채태인,4,류제국,1
1,0,0,0,0,1,1,0,1,0,0,3 채태인,4,류제국,1
0,0,1,0,1,0,1,0,0,1,0,8 채태인,4,봉중근,-1
0,0,1,0,1,0,0,1,1,0,0,7 채태인,4,김광현,0
0,1,0,1,0,0,0,1,1,0,0,8 채태인,4,홍성용,-1
0,0,1,1,0,0,0,1,1,0,0,8 채태인,4,장시환,3
0,0,1,0,0,1,1,0,1,0,0,5 채태인,4,조상우,5
0,0,1,0,0,1,1,0,1,0,0,5 채태인,4,손승락,2
0,0,1,0,0,1,1,0,0,1,0,7 채태인,4,손승락,2
0,0,1,0,1,0,0,1,0,0,1,7 채태인,4,조상우,5
1,0,0,0,1,0,1,0,1,0,0,3 채태인,4,스틴슨,-1
1,0,0,0,1,0,1,0,1,0,0,3 채태인,4,스틴슨,-1
0,1,0,0,1,0,0,1,1,0,0,3 채태인,4,스틴슨,-1
0,0,1,0,0,1,0,1,1,0,0,3 채태인,4,심동섭,-1
0,0,1,0,0,1,0,1,1,0,0,3 채태인,4,윤석민,4
1,0,0,0,1,0,0,1,0,1,0,5 채태인,4,임기준,5
1,0,0,0,0,1,0,1,0,1,0,5 채태인,4,임기준,5
0,1,0,1,0,0,0,1,0,1,0,5 채태인,4,한승혁,3
0,1,0,1,0,0,0,1,1,0,0,5 채태인,4,김태영,-1
1,0,0,0,1,0,0,1,1,0,0,5 채태인,4,양현종,0
0,1,0,0,0,1,0,1,1,0,0,5 채태인,4,양현종,0
0,1,0,0,1,0,1,0,1,0,0,5 채태인,4,양현종,0
0,0,1,0,0,1,0,1,1,0,0,5 채태인,4,심동섭,-1
1,0,0,0,1,0,1,0,1,0,0,5 채태인,4,배영수,0
0,1,0,1,0,0,0,1,1,0,0,5 채태인,4,배영수,0
0,1,0,0,1,0,1,0,1,0,0,5 채태인,4,박정진,-1
0,0,1,0,1,0,0,1,0,1,0,5 채태인,4,윤기호,-1
0,0,1,0,1,0,1,0,0,1,0,5 채태인,4,정광운,-1
1,0,0,0,1,0,0,1,1,0,0,5 채태인,4,김민우,5
0,1,0,0,1,0,1,0,1,0,0,5 채태인,4,김민우,5
0,1,0,1,0,0,0,1,1,0,0,5 채태인,4,박정진,-1
0,0,1,0,1,0,1,0,1,0,0,5 채태인,4,권혁,2
1,0,0,1,0,0,1,0,1,0,0,5 채태인,4,탈보트,-1
0,1,0,1,0,0,0,1,1,0,0,5 채태인,4,탈보트,-1
0,1,0,0,0,1,0,1,1,0,0,5 채태인,4,탈보트,-1
0,0,1,0,1,0,1,0,0,1,0,5 채태인,4,권혁,2
1,0,0,1,0,0,0,1,1,0,0,5 채태인,4,해커,2
0,1,0,0,0,1,0,1,1,0,0,5 채태인,4,해커,2
0,0,1,1,0,0,0,1,1,0,0,5 채태인,4,해커,2
1,0,0,1,0,0,1,0,0,1,0,7 채태인,4,이승호,6
1,0,0,0,1,0,1,0,1,0,0,7 채태인,4,강장산,-1
0,1,0,0,1,0,0,1,1,0,0,7 채태인,4,손민한,-1
0,0,1,1,0,0,0,1,1,0,0,7 채태인,4,손민한,-1
0,0,1,0,1,0,1,0,1,0,0,8 채태인,4,오현택,3
0,0,1,0,1,0,0,1,1,0,0,8 채태인,4,장원준,0
0,0,1,0,0,1,0,1,1,0,0,8 채태인,4,이현승,2
1,0,0,1,0,0,1,0,0,1,0,7 채태인,4,저마노,-1
1,0,0,0,1,0,1,0,1,0,0,7 채태인,4,저마노,-1
0,1,0,0,0,1,0,1,0,0,1,7 채태인,4,저마노,-1
0,0,1,1,0,0,0,1,0,0,1,7 채태인,4,정성곤,3
0,0,1,1,0,0,0,1,1,0,0,7 채태인,4,홍성무,-1
1,0,0,0,0,1,1,0,1,0,0,7 채태인,4,윤근영,3
0,1,0,0,1,0,0,1,1,0,0,7 채태인,4,윤근영,3
0,1,0,0,0,1,0,1,0,0,1,7 채태인,4,심재민,-1
0,0,1,0,1,0,1,0,0,1,0,7 채태인,4,심재민,-1
1,0,0,1,0,0,0,1,1,0,0,7 채태인,4,박종훈,1
1,0,0,0,1,0,0,1,0,1,0,7 채태인,4,박종훈,1
0,1,0,0,1,0,0,1,0,0,1,7 채태인,4,고효준,2
0,1,0,0,0,1,0,1,1,0,0,7 채태인,4,채병용,4
0,0,1,0,1,0,1,0,1,0,0,7 채태인,4,신재웅,3
1,0,0,0,1,0,1,0,1,0,0,7 채태인,4,세든,-1
1,0,0,0,0,1,0,1,1,0,0,7 채태인,4,세든,-1
0,1,0,0,0,1,1,0,0,1,0,7 채태인,4,이재영,-1
0,1,0,0,1,0,0,1,1,0,0,7 채태인,4,박민호,6
1,0,0,0,0,1,1,0,1,0,0,6 채태인,4,밴헤켄,-1
0,1,0,1,0,0,0,1,1,0,0,6 채태인,4,밴헤켄,-1
0,0,1,1,0,0,0,1,0,1,0,6 채태인,4,밴헤켄,-1
1,0,0,0,0,1,0,1,1,0,0,6 채태인,4,금민철,2
0,1,0,0,0,1,1,0,0,0,1,6 채태인,4,금민철,2
0,0,1,1,0,0,0,1,0,1,0,6 채태인,4,한현희,1
1,0,0,0,0,1,0,1,1,0,0,6 채태인,4,김광삼,-1
0,1,0,1,0,0,0,1,1,0,0,6 채태인,4,김광삼,-1
0,1,0,0,1,0,0,1,0,0,1,6 채태인,4,임정우,3
0,0,1,0,1,0,1,0,0,1,0,6 채태인,4,유원상,2
1,0,0,0,1,0,1,0,1,0,0,6 채태인,4,우규민,4
0,1,0,0,1,0,0,1,1,0,0,6 채태인,4,우규민,4
0,1,0,0,1,0,1,0,0,1,0,6 채태인,4,우규민,4
0,0,1,1,0,0,0,1,1,0,0,6 채태인,4,진해수,3
1,0,0,0,1,0,0,1,1,0,0,6 채태인,4,스틴슨,-1
1,0,0,0,1,0,0,1,1,0,0,6 채태인,4,스틴슨,-1
0,1,0,1,0,0,1,0,0,0,1,6 채태인,4,에반,-1
0,1,0,0,0,1,0,1,1,0,0,6 채태인,4,심동섭,-1
0,0,1,1,0,0,0,1,1,0,0,6 채태인,4,박정수,6
1,0,0,0,1,0,1,0,0,1,0,6 채태인,4,임준혁,-1
0,1,0,0,0,1,1,0,1,0,0,6 채태인,4,임준혁,-1
0,0,1,0,0,1,0,1,0,1,0,6 채태인,4,홍건희,3
0,0,1,0,0,1,1,0,0,1,0,6 채태인,4,홍건희,3
1,0,0,1,0,0,1,0,1,0,0,6 채태인,4,김민우,5
0,1,0,1,0,0,0,1,1,0,0,6 채태인,4,김기현,-1
0,1,0,0,1,0,0,1,1,0,0,6 채태인,4,박정진,-1
0,0,1,0,0,1,1,0,0,0,1,6 채태인,4,정대훈,-1
1,0,0,0,1,0,1,0,0,1,0,6 채태인,4,로저스,-1
0,1,0,0,0,1,0,1,1,0,0,6 채태인,4,로저스,-1
0,0,1,0,0,1,0,1,0,1,0,5 채태인,4,이재우,-1
0,0,1,0,1,0,1,0,0,1,0,8 채태인,4,스와잭,-1
0,1,0,0,1,0,0,1,1,0,0,8 채태인,4,해커,2
1,0,0,1,0,0,0,1,1,0,0,3 채태인,4,심수창,2
1,0,0,0,0,1,0,1,1,0,0,3 채태인,4,심수창,2
0,1,0,0,1,0,1,0,0,1,0,3 채태인,4,이명우,-1
0,1,0,0,1,0,1,0,0,1,0,3 채태인,4,이명우,-1
0,0,1,0,1,0,1,0,0,1,0,3 채태인,4,김원중,3
1,0,0,0,1,0,1,0,1,0,0,3 채태인,4,레일리,2
0,1,0,1,0,0,0,1,1,0,0,3 채태인,4,레일리,2
0,1,0,0,1,0,0,1,1,0,0,3 채태인,4,레일리,2
0,0,1,0,1,0,1,0,1,0,0,2 채태인,4,김민우,5
0,0,1,1,0,0,0,1,0,0,1,2 채태인,4,권혁,2
0,0,1,0,0,1,0,1,1,0,0,4 채태인,4,함덕주,3
1,0,0,1,0,0,0,1,0,1,0,7 채태인,4,허준혁,5
1,0,0,0,1,0,1,0,1,0,0,7 채태인,4,허준혁,5
0,1,0,0,1,0,0,1,1,0,0,7 채태인,4,노경은,-1
0,0,1,0,0,1,0,1,1,0,0,7 채태인,4,진야곱,-1
0,0,1,1,0,0,1,0,1,0,0,7 채태인,4,함덕주,3
1,0,0,0,1,0,0,1,0,1,0,7 채태인,4,소사,-1
0,1,0,1,0,0,1,0,1,0,0,7 채태인,4,소사,-1
0,0,1,1,0,0,0,1,1,0,0,7 채태인,4,소사,-1
0,0,1,0,1,0,0,1,1,0,0,7 채태인,4,임정우,3
0,1,0,0,1,0,0,1,1,0,0,1 채태인,4,유원상,2
0,1,0,1,0,0,0,1,1,0,0,1 채태인,4,신승현,-1
0,1,0,0,0,1,0,1,1,0,0,1 채태인,4,진해수,3
0,0,1,0,1,0,0,1,1,0,0,1 채태인,4,김지용,5
1,0,0,1,0,0,0,1,0,1,0,7 채태인,4,스튜어트,-1
0,1,0,0,0,1,0,1,0,1,0,7 채태인,4,스튜어트,-1
0,1,0,0,1,0,0,1,1,0,0,7 채태인,4,임정호,-1
0,0,1,0,1,0,0,1,1,0,0,7 채태인,4,이혜천,-1
0,0,1,0,0,1,0,1,0,1,0,7 채태인,4,민태호,6
1,0,0,1,0,0,0,1,1,0,0,7 채태인,4,해커,2
1,0,0,0,0,1,0,1,0,1,0,7 채태인,4,해커,2
0,1,0,0,1,0,0,1,0,1,0,7 채태인,4,손정욱,-1
0,1,0,1,0,0,1,0,1,0,0,7 채태인,4,박진우,6
1,0,0,0,0,1,0,1,1,0,0,7 채태인,4,세든,-1
0,1,0,1,0,0,0,1,0,1,0,7 채태인,4,문광은,5
0,1,0,0,1,0,1,0,0,1,0,7 채태인,4,문광은,5
1,0,0,1,0,0,0,1,1,0,0,7 채태인,4,김광현,0
0,1,0,0,0,1,0,1,0,1,0,7 채태인,4,김광현,0
0,0,1,1,0,0,0,1,0,1,0,7 채태인,4,김광현,0
1,0,0,0,1,0,1,0,1,0,0,7 채태인,4,임기준,5
0,1,0,0,0,1,0,1,1,0,0,7 채태인,4,임기준,5
0,0,1,0,1,0,0,1,1,0,0,7 채태인,4,김광수,-1
1,0,0,1,0,0,0,1,1,0,0,7 채태인,4,유창식,-1
0,1,0,0,1,0,1,0,0,1,0,7 채태인,4,유창식,-1
0,1,0,0,0,1,0,1,1,0,0,7 채태인,4,홍건희,3
0,0,1,0,1,0,1,0,0,1,0,7 채태인,4,한승혁,3
1,0,0,0,1,0,0,1,1,0,0,7 채태인,4,저마노,-1
0,1,0,1,0,0,0,1,1,0,0,7 채태인,4,저마노,-1
0,1,0,1,0,0,1,0,0,1,0,7 채태인,4,저마노,-1
1,0,0,1,0,0,0,1,1,0,0,7 채태인,4,심재민,-1
0,1,0,1,0,0,0,1,1,0,0,7 채태인,4,김재윤,5
0,1,0,1,0,0,0,1,0,1,0,7 채태인,4,홍성무,-1
0,0,1,1,0,0,0,1,1,0,0,7 채태인,4,홍성용,-1
1,0,0,1,0,0,0,1,1,0,0,7 채태인,4,레일리,2
0,1,0,0,0,1,0,1,0,1,0,7 채태인,4,레일리,2
0,1,0,0,1,0,0,1,1,0,0,7 채태인,4,레일리,2
0,0,1,0,0,1,0,1,0,1,0,7 채태인,4,이성민,-1
1,0,0,0,1,0,1,0,0,1,0,7 채태인,4,이명우,-1
1,0,0,0,0,1,0,1,1,0,0,7 채태인,4,이명우,-1
0,1,0,1,0,0,0,1,0,1,0,7 채태인,4,박세웅,1
0,0,1,1,0,0,0,1,1,0,0,7 채태인,4,김승회,2
0,0,1,0,1,0,0,1,0,1,0,7 채태인,4,구승민,5
1,0,0,1,0,0,0,1,0,1,0,7 채태인,4,피어밴드,1
0,1,0,0,0,1,0,1,1,0,0,7 채태인,4,피어밴드,1
0,0,1,0,1,0,0,1,1,0,0,7 채태인,4,피어밴드,1
1,0,0,0,1,0,1,0,0,1,0,7 채태인,4,밴헤켄,-1
0,1,0,1,0,0,0,1,1,0,0,7 채태인,4,밴헤켄,-1
0,1,0,0,0,1,0,1,1,0,0,7 채태인,4,김택형,5
0,0,1,0,0,1,1,0,0,1,0,7 채태인,4,손승락,2
0,0,1,0,1,0,0,1,1,0,0,7 채태인,4,양훈,-1
1,0,0,0,0,1,1,0,0,0,1,7 채태인,4,세든,-1
1,0,0,0,0,1,1,0,1,0,0,7 채태인,4,세든,-1
0,1,0,1,0,0,0,1,0,1,0,7 채태인,4,세든,-1
0,0,1,0,1,0,0,1,1,0,0,7 채태인,4,신재웅,3
0,1,0,0,1,0,1,0,1,0,0,6 채태인,4,김광현,0
0,0,1,0,0,1,1,0,1,0,0,6 채태인,4,박희수,3
1,0,0,0,1,0,1,0,0,1,0,6 채태인,4,윤희상,2
1,0,0,0,1,0,1,0,1,0,0,6 채태인,4,고효준,2
0,1,0,1,0,0,0,1,0,0,1,6 채태인,4,문광은,5
0,1,0,0,0,1,0,1,0,1,0,6 채태인,4,문광은,5
1,0,0,0,0,1,0,1,0,1,0,6 채태인,4,스와잭,-1
0,1,0,0,0,1,0,1,1,0,0,6 채태인,4,스와잭,-1
0,1,0,0,0,1,0,1,0,1,0,6 채태인,4,함덕주,3
0,0,1,1,0,0,1,0,0,1,0,6 채태인,4,진야곱,-1
1,0,0,0,1,0,0,1,0,1,0,6 채태인,4,레일리,2
1,0,0,1,0,0,0,1,1,0,0,6 채태인,4,레일리,2
0,1,0,1,0,0,1,0,0,1,0,6 채태인,4,심수창,2
0,1,0,0,1,0,0,1,1,0,0,6 채태인,4,김원중,3
0,0,1,0,1,0,0,1,1,0,0,6 채태인,4,김원중,3
0,0,1,0,1,0,0,1,1,0,0,6 채태인,4,강영식,-1
1,0,0,1,0,0,0,1,1,0,0,6 채태인,4,이재학,2
1,0,0,0,0,1,1,0,1,0,0,6 채태인,4,이재학,2
0,1,0,0,1,0,1,0,1,0,0,6 채태인,4,이혜천,-1
1,0,0,0,1,0,0,1,0,0,1,6 채태인,4,정성곤,3
1,0,0,0,0,1,1,0,1,0,0,6 채태인,4,고영표,-1
0,1,0,0,0,1,1,0,1,0,0,6 채태인,4,고영표,-1
0,1,0,0,0,1,1,0,1,0,0,6 채태인,4,안상빈,-1
0,0,1,0,0,1,1,0,1,0,0,6 채태인,4,주권,3
1,0,0,0,1,0,1,0,1,0,0,6 채태인,4,정대현,-1
0,1,0,1,0,0,0,1,0,1,0,6 채태인,4,정대현,-1
0,1,0,0,0,1,0,1,1,0,0,6 채태인,4,홍성용,-1
0,0,1,0,0,1,1,0,0,1,0,6 채태인,4,김재윤,5
1,0,0,1,0,0,1,0,1,0,0,6 채태인,4,세든,-1
0,1,0,0,0,1,0,1,1,0,0,6 채태인,4,세든,-1
0,0,1,1,0,0,0,1,0,1,0,6 채태인,4,세든,-1
0,0,1,0,1,0,1,0,1,0,0,6 채태인,4,정우람,2
1,0,0,0,1,0,1,0,0,0,1,3 채태인,4,니퍼트,4
1,0,0,1,0,0,0,1,1,0,0,3 채태인,4,니퍼트,4
0,1,0,0,1,0,0,1,1,0,0,3 채태인,4,니퍼트,4
0,0,1,0,1,0,0,1,1,0,0,3 채태인,4,함덕주,3
1,0,0,0,1,0,0,1,1,0,0,6 채태인,4,김용주,-1
0,1,0,0,0,1,1,0,1,0,0,6 채태인,4,김용주,-1
0,1,0,1,0,0,1,0,0,1,0,6 채태인,4,박성호,-1
0,0,1,1,0,0,0,1,0,1,0,6 채태인,4,송은범,4
1,0,0,0,0,1,0,1,0,1,0,6 채태인,4,로저스,-1
0,1,0,0,0,1,1,0,1,0,0,6 채태인,4,로저스,-1
1,0,0,1,0,0,1,0,1,0,0,6 채태인,4,저마노,-1
0,1,0,0,0,1,1,0,0,1,0,6 채태인,4,저마노,-1
0,1,0,0,1,0,1,0,0,1,0,6 채태인,4,저마노,-1
0,0,1,1,0,0,0,1,1,0,0,6 채태인,4,고영표,-1
0,0,1,1,0,0,0,1,0,1,0,6 채태인,4,조무근,5
1,0,0,0,0,1,0,1,1,0,0,6 채태인,4,양훈,-1
0,1,0,0,0,1,0,1,1,0,0,6 채태인,4,양훈,-1
0,1,0,0,0,1,0,1,0,0,1,6 채태인,4,양훈,-1
0,0,1,0,0,1,1,0,0,1,0,6 채태인,4,손승락,2
1,0,0,0,0,1,0,1,0,1,0,3 채태인,4,홀튼,-1
0,1,0,1,0,0,0,1,1,0,0,3 채태인,4,홀튼,-1
0,1,0,1,0,0,0,1,0,1,0,3 채태인,4,홀튼,-1
0,0,1,0,0,1,0,1,1,0,0,3 채태인,4,박경태,3
1,0,0,1,0,0,0,1,1,0,0,3 채태인,4,송은범,4
1,0,0,0,1,0,0,1,1,0,0,3 채태인,4,송은범,4
0,1,0,1,0,0,0,1,1,0,0,3 채태인,4,송은범,4
0,1,0,0,0,1,1,0,1,0,0,3 채태인,4,박성호,-1
0,0,1,0,1,0,1,0,1,0,0,3 채태인,4,한승혁,3
1,0,0,0,0,1,0,1,1,0,0,5 채태인,4,유창식,-1
1,0,0,0,0,1,1,0,1,0,0,5 채태인,4,유창식,-1
0,1,0,1,0,0,0,1,0,0,1,5 채태인,4,유창식,-1
0,0,1,1,0,0,0,1,0,0,1,5 채태인,4,김혁민,-1
0,0,1,0,1,0,0,1,1,0,0,5 채태인,4,최영환,6
1,0,0,1,0,0,0,1,1,0,0,5 채태인,4,앨버스,-1
0,1,0,1,0,0,1,0,0,1,0,5 채태인,4,앨버스,-1
0,1,0,0,1,0,1,0,1,0,0,5 채태인,4,앨버스,-1
0,0,1,0,0,1,1,0,0,1,0,5 채태인,4,윤근영,3
1,0,0,0,0,1,0,1,0,1,0,3 채태인,4,옥스프링,-1
1,0,0,0,0,1,0,1,1,0,0,3 채태인,4,옥스프링,-1
0,1,0,0,0,1,0,1,0,1,0,3 채태인,4,옥스프링,-1
0,0,1,0,1,0,0,1,0,1,0,3 채태인,4,강영식,-1
1,0,0,0,1,0,1,0,1,0,0,3 채태인,4,유먼,-1
1,0,0,0,1,0,0,1,0,1,0,3 채태인,4,유먼,-1
0,1,0,0,1,0,0,1,1,0,0,3 채태인,4,유먼,-1
0,0,1,0,1,0,0,1,0,1,0,3 채태인,4,정대현,-1
0,0,1,0,0,1,0,1,1,0,0,3 채태인,4,김성배,-1
1,0,0,0,0,1,0,1,1,0,0,3 채태인,4,송승준,0
1,0,0,1,0,0,0,1,0,1,0,3 채태인,4,송승준,0
0,1,0,1,0,0,1,0,1,0,0,3 채태인,4,김승회,2
0,0,1,1,0,0,0,1,0,1,0,3 채태인,4,심수창,2
1,0,0,0,0,1,0,1,0,1,0,3 채태인,4,울프,-1
1,0,0,0,0,1,0,1,1,0,0,3 채태인,4,울프,-1
0,1,0,0,1,0,0,1,1,0,0,3 채태인,4,울프,-1
0,0,1,0,1,0,0,1,1,0,0,3 채태인,4,윤길현,2
0,0,1,0,0,1,1,0,1,0,0,3 채태인,4,박희수,3
1,0,0,0,1,0,0,1,0,1,0,5 채태인,4,레이예스,-1
0,1,0,1,0,0,0,1,1,0,0,5 채태인,4,레이예스,-1
0,1,0,0,1,0,1,0,0,1,0,5 채태인,4,레이예스,-1
0,0,1,1,0,0,1,0,1,0,0,5 채태인,4,진해수,3
0,0,1,1,0,0,0,1,1,0,0,5 채태인,4,박희수,3
1,0,0,1,0,0,0,1,1,0,0,3 채태인,4,윤희상,2
1,0,0,0,1,0,0,1,1,0,0,3 채태인,4,윤희상,2
0,1,0,1,0,0,0,1,0,1,0,3 채태인,4,윤희상,2
0,1,0,0,0,1,1,0,1,0,0,3 채태인,4,윤희상,2
0,0,1,0,1,0,1,0,1,0,0,3 채태인,4,전유수,3
1,0,0,0,0,1,0,1,1,0,0,3 채태인,4,유희관,4
0,1,0,1,0,0,1,0,1,0,0,3 채태인,4,유희관,4
0,0,1,1,0,0,0,1,1,0,0,3 채태인,4,유희관,4
0,0,1,0,0,1,0,1,0,1,0,3 채태인,4,유희관,4
1,0,0,0,0,1,0,1,1,0,0,3 채태인,4,니퍼트,4
0,1,0,0,1,0,0,1,1,0,0,3 채태인,4,니퍼트,4
0,1,0,0,0,1,0,1,0,1,0,3 채태인,4,니퍼트,4
1,0,0,0,1,0,1,0,1,0,0,3 채태인,4,이재학,2
1,0,0,0,0,1,0,1,0,1,0,3 채태인,4,이재학,2
0,1,0,1,0,0,0,1,0,1,0,3 채태인,4,손정욱,-1
0,0,1,0,1,0,1,0,1,0,0,3 채태인,4,이혜천,-1
0,0,1,1,0,0,1,0,0,1,0,3 채태인,4,임창민,3
1,0,0,0,0,1,0,1,1,0,0,3 채태인,4,이민호,1
0,1,0,0,1,0,0,1,1,0,0,3 채태인,4,이민호,1
0,1,0,0,1,0,0,1,1,0,0,3 채태인,4,이혜천,-1
0,0,1,1,0,0,0,1,1,0,0,3 채태인,4,홍성용,-1
1,0,0,1,0,0,0,1,1,0,0,3 채태인,4,웨버,-1
1,0,0,0,0,1,1,0,1,0,0,3 채태인,4,웨버,-1
0,1,0,0,1,0,0,1,0,1,0,3 채태인,4,웨버,-1
0,0,1,1,0,0,0,1,1,0,0,3 채태인,4,홍성용,-1
0,0,1,0,0,1,1,0,1,0,0,3 채태인,4,손정욱,-1
1,0,0,1,0,0,0,1,1,0,0,3 채태인,4,리오단,-1
1,0,0,0,0,1,0,1,1,0,0,3 채태인,4,리오단,-1
0,1,0,1,0,0,0,1,0,1,0,3 채태인,4,리오단,-1
0,1,0,0,0,1,1,0,1,0,0,3 채태인,4,리오단,-1
0,0,1,0,1,0,1,0,1,0,0,3 채태인,4,신승현,-1
1,0,0,0,1,0,1,0,0,0,1,3 채태인,4,임지섭,6
1,0,0,0,1,0,0,1,1,0,0,3 채태인,4,임지섭,6
0,1,0,0,0,1,1,0,0,1,0,3 채태인,4,임지섭,6
0,0,1,0,1,0,1,0,1,0,0,3 채태인,4,윤지웅,5
0,0,1,0,0,1,1,0,1,0,0,3 채태인,4,신승현,-1
1,0,0,0,1,0,1,0,0,1,0,3 채태인,4,티포드,-1
1,0,0,0,1,0,1,0,0,0,1,3 채태인,4,티포드,-1
0,1,0,0,0,1,1,0,1,0,0,3 채태인,4,티포드,-1
0,0,1,0,1,0,0,1,0,1,0,3 채태인,4,이상열,-1
0,0,1,0,1,0,0,1,1,0,0,3 채태인,4,봉중근,-1
0,0,1,1,0,0,1,0,0,1,0,3 채태인,4,봉중근,-1
1,0,0,1,0,0,0,1,0,1,0,3 채태인,4,문성현,1
1,0,0,1,0,0,1,0,0,1,0,3 채태인,4,문성현,1
1,0,0,0,0,1,0,1,0,1,0,3 채태인,4,문성현,1
0,1,0,0,1,0,0,1,1,0,0,3 채태인,4,문성현,1
0,0,1,0,1,0,0,1,0,1,0,3 채태인,4,강윤구,1
0,0,1,0,1,0,0,1,1,0,0,3 채태인,4,강윤구,1
1,0,0,0,1,0,1,0,1,0,0,3 채태인,4,금민철,2
0,1,0,1,0,0,0,1,1,0,0,3 채태인,4,금민철,2
0,1,0,1,0,0,0,1,1,0,0,3 채태인,4,금민철,2
0,0,1,0,1,0,1,0,1,0,0,3 채태인,4,송신영,-1
1,0,0,0,1,0,1,0,1,0,0,3 채태인,4,밴헤켄,-1
1,0,0,0,0,1,0,1,1,0,0,3 채태인,4,밴헤켄,-1
0,1,0,1,0,0,0,1,1,0,0,3 채태인,4,밴헤켄,-1
0,0,1,1,0,0,0,1,1,0,0,3 채태인,4,한현희,1
1,0,0,0,0,1,0,1,0,1,0,3 채태인,4,해커,2
1,0,0,0,0,1,1,0,0,1,0,3 채태인,4,해커,2
0,1,0,0,1,0,1,0,1,0,0,3 채태인,4,해커,2
1,0,0,0,1,0,1,0,1,0,0,3 채태인,4,이민호,1
1,0,0,0,1,0,1,0,0,0,1,3 채태인,4,이민호,1
0,1,0,0,1,0,0,1,1,0,0,3 채태인,4,이민호,1
0,0,1,0,0,1,1,0,0,1,0,3 채태인,4,손정욱,-1
0,0,1,0,0,1,0,1,1,0,0,3 채태인,4,홍성용,-1
1,0,0,0,1,0,1,0,0,1,0,3 채태인,4,이재학,2
1,0,0,0,0,1,0,1,1,0,0,3 채태인,4,이재학,2
0,1,0,1,0,0,0,1,1,0,0,3 채태인,4,이재학,2
0,0,1,1,0,0,1,0,1,0,0,3 채태인,4,임창민,3
1,0,0,0,1,0,1,0,1,0,0,3 채태인,4,레이예스,-1
1,0,0,1,0,0,0,1,1,0,0,3 채태인,4,레이예스,-1
0,1,0,1,0,0,0,1,0,1,0,3 채태인,4,레이예스,-1
0,0,1,1,0,0,1,0,1,0,0,3 채태인,4,레이예스,-1
0,0,1,0,1,0,0,1,1,0,0,3 채태인,4,전유수,3
1,0,0,0,0,1,0,1,1,0,0,3 채태인,4,윤희상,2
0,1,0,0,1,0,1,0,1,0,0,3 채태인,4,윤희상,2
0,0,1,0,1,0,0,1,1,0,0,3 채태인,4,진해수,3
0,0,1,1,0,0,0,1,1,0,0,3 채태인,4,박희수,3
1,0,0,0,0,1,0,1,1,0,0,3 채태인,4,채병용,4
0,1,0,0,0,1,0,1,0,1,0,3 채태인,4,채병용,4
0,1,0,1,0,0,0,1,0,0,1,3 채태인,4,채병용,4
0,0,1,1,0,0,0,1,1,0,0,3 채태인,4,진해수,3
0,0,1,0,0,1,1,0,1,0,0,3 채태인,4,박정배,3
1,0,0,0,1,0,1,0,1,0,0,3 채태인,4,유희관,4
1,0,0,1,0,0,1,0,1,0,0,3 채태인,4,유희관,4
0,1,0,0,1,0,0,1,1,0,0,3 채태인,4,유희관,4
0,0,1,0,1,0,0,1,0,1,0,3 채태인,4,유희관,4
0,0,1,0,1,0,1,0,0,1,0,3 채태인,4,이용찬,1
1,0,0,0,1,0,1,0,1,0,0,3 채태인,4,니퍼트,4
1,0,0,0,0,1,0,1,1,0,0,3 채태인,4,니퍼트,4
0,1,0,0,1,0,1,0,1,0,0,3 채태인,4,니퍼트,4
0,0,1,0,1,0,0,1,1,0,0,3 채태인,4,니퍼트,4
1,0,0,0,1,0,1,0,1,0,0,3 채태인,4,볼스테드,-1
0,1,0,1,0,0,0,1,1,0,0,3 채태인,4,볼스테드,-1
0,1,0,0,1,0,1,0,1,0,0,3 채태인,4,볼스테드,-1
0,0,1,1,0,0,0,1,1,0,0,3 채태인,4,볼스테드,-1
1,0,0,0,1,0,1,0,0,1,0,3 채태인,4,안영명,2
1,0,0,0,0,1,1,0,0,1,0,3 채태인,4,안영명,2
0,1,0,1,0,0,0,1,1,0,0,3 채태인,4,안영명,2
0,1,0,0,0,1,1,0,1,0,0,3 채태인,4,이동걸,-1
0,0,1,0,0,1,1,0,0,1,0,3 채태인,4,임기영,3
1,0,0,0,0,1,0,1,1,0,0,3 채태인,4,송창현,5
1,0,0,0,0,1,1,0,0,0,1,3 채태인,4,송창현,5
0,1,0,1,0,0,0,1,0,0,1,3 채태인,4,송창현,5
0,1,0,0,0,1,0,1,1,0,0,3 채태인,4,최영환,6
0,0,1,1,0,0,1,0,1,0,0,3 채태인,4,황재규,-1
1,0,0,0,0,1,0,1,1,0,0,3 채태인,4,이태양,1
0,1,0,1,0,0,0,1,1,0,0,3 채태인,4,이태양,1
0,1,0,1,0,0,0,1,1,0,0,3 채태인,4,이태양,1
0,0,1,0,0,1,1,0,1,0,0,3 채태인,4,박정진,-1
0,0,1,0,1,0,0,1,1,0,0,3 채태인,4,최영환,6
1,0,0,0,0,1,0,1,1,0,0,3 채태인,4,홀튼,-1
0,1,0,0,1,0,1,0,0,1,0,3 채태인,4,홀튼,-1
0,1,0,1,0,0,1,0,1,0,0,3 채태인,4,홀튼,-1
0,0,1,0,1,0,0,1,1,0,0,3 채태인,4,한승혁,3
1,0,0,0,1,0,1,0,0,1,0,3 채태인,4,송은범,4
1,0,0,0,0,1,0,1,1,0,0,3 채태인,4,송은범,4
1,0,0,0,0,1,1,0,0,1,0,3 채태인,4,박경태,3
0,1,0,0,0,1,1,0,1,0,0,3 채태인,4,박경태,3
0,1,0,0,1,0,0,1,1,0,0,3 채태인,4,박경태,3
1,0,0,0,0,1,0,1,1,0,0,3 채태인,4,임준섭,3
1,0,0,0,1,0,1,0,0,1,0,3 채태인,4,임준섭,3
0,1,0,0,0,1,0,1,0,1,0,3 채태인,4,임준섭,3
0,1,0,0,1,0,0,1,1,0,0,3 채태인,4,김태영,-1
1,0,0,0,0,1,0,1,1,0,0,3 채태인,4,송승준,0
1,0,0,0,0,1,1,0,1,0,0,3 채태인,4,송승준,0
0,1,0,0,0,1,0,1,0,1,0,3 채태인,4,송승준,0
0,1,0,0,1,0,0,1,1,0,0,3 채태인,4,최대성,5
0,0,1,0,1,0,0,1,1,0,0,3 채태인,4,김유영,-1
1,0,0,0,1,0,1,0,1,0,0,3 채태인,4,장원준,0
1,0,0,1,0,0,0,1,1,0,0,3 채태인,4,장원준,0
0,1,0,1,0,0,1,0,1,0,0,3 채태인,4,장원준,0
0,0,1,1,0,0,0,1,1,0,0,3 채태인,4,이명우,-1
1,0,0,0,1,0,1,0,1,0,0,3 채태인,4,김사율,-1
1,0,0,0,0,1,1,0,0,1,0,3 채태인,4,김사율,-1
0,1,0,0,1,0,1,0,1,0,0,3 채태인,4,이명우,-1
0,0,1,0,0,1,0,1,1,0,0,3 채태인,4,이상화,5
1,0,0,0,0,1,0,1,0,0,1,3 채태인,4,금민철,2
1,0,0,1,0,0,0,1,1,0,0,3 채태인,4,금민철,2
0,1,0,1,0,0,1,0,1,0,0,3 채태인,4,금민철,2
0,1,0,0,1,0,1,0,1,0,0,3 채태인,4,박성훈,-1
0,0,1,0,1,0,0,1,1,0,0,3 채태인,4,장시환,3
1,0,0,0,0,1,0,1,1,0,0,3 채태인,4,소사,-1
1,0,0,0,0,1,1,0,1,0,0,3 채태인,4,소사,-1
0,1,0,0,0,1,1,0,1,0,0,3 채태인,4,소사,-1
0,0,1,1,0,0,1,0,1,0,0,3 채태인,4,한현희,1
1,0,0,1,0,0,0,1,1,0,0,3 채태인,4,하영민,5
1,0,0,1,0,0,0,1,0,1,0,3 채태인,4,하영민,5
1,0,0,0,0,1,1,0,0,1,0,3 채태인,4,하영민,5
0,1,0,0,1,0,0,1,1,0,0,3 채태인,4,장시환,3
0,1,0,1,0,0,0,1,1,0,0,3 채태인,4,박성훈,-1
0,0,1,0,0,1,0,1,1,0,0,3 채태인,4,강윤구,1
1,0,0,0,0,1,0,1,1,0,0,3 채태인,4,우규민,4
0,1,0,0,0,1,0,1,1,0,0,3 채태인,4,우규민,4
0,1,0,1,0,0,0,1,0,1,0,3 채태인,4,우규민,4
0,0,1,0,1,0,0,1,1,0,0,3 채태인,4,이동현,2
1,0,0,0,0,1,0,1,1,0,0,3 채태인,4,리오단,-1
0,1,0,0,1,0,1,0,0,1,0,3 채태인,4,리오단,-1
0,1,0,0,0,1,0,1,0,0,1,3 채태인,4,리오단,-1
0,0,1,0,1,0,0,1,1,0,0,3 채태인,4,이동현,2
0,0,1,0,0,1,1,0,0,1,0,3 채태인,4,정찬헌,3
1,0,0,0,0,1,0,1,1,0,0,3 채태인,4,류제국,1
1,0,0,0,1,0,1,0,0,0,1,3 채태인,4,류제국,1
0,1,0,1,0,0,0,1,0,0,1,3 채태인,4,류제국,1
0,0,1,1,0,0,0,1,1,0,0,3 채태인,4,신재웅,3
0,0,1,1,0,0,1,0,1,0,0,3 채태인,4,윤지웅,5
1,0,0,0,0,1,0,1,0,0,1,3 채태인,4,홀튼,-1
1,0,0,1,0,0,1,0,1,0,0,3 채태인,4,홀튼,-1
0,1,0,0,1,0,0,1,1,0,0,3 채태인,4,홀튼,-1
0,0,1,0,0,1,1,0,1,0,0,3 채태인,4,최영필,-1
1,0,0,0,1,0,1,0,0,0,1,3 채태인,4,한승혁,3
1,0,0,0,1,0,1,0,1,0,0,3 채태인,4,한승혁,3
0,1,0,1,0,0,1,0,0,1,0,3 채태인,4,한승혁,3
0,0,1,0,1,0,1,0,0,1,0,3 채태인,4,박준표,5
0,0,1,0,1,0,0,1,1,0,0,3 채태인,4,신창호,-1
1,0,0,1,0,0,0,1,0,0,1,3 채태인,4,임준섭,3
1,0,0,0,0,1,0,1,1,0,0,3 채태인,4,임준섭,3
0,1,0,1,0,0,0,1,1,0,0,3 채태인,4,임준섭,3
1,0,0,1,0,0,0,1,0,0,1,3 채태인,4,유창식,-1
1,0,0,1,0,0,0,1,1,0,0,3 채태인,4,안영명,2
0,1,0,0,0,1,0,1,0,1,0,3 채태인,4,안영명,2
0,0,1,1,0,0,0,1,1,0,0,3 채태인,4,안영명,2
0,0,1,0,0,1,0,1,1,0,0,3 채태인,4,윤규진,2
1,0,0,0,0,1,0,1,0,1,0,3 채태인,4,이태양,1
1,0,0,0,0,1,0,1,1,0,0,3 채태인,4,이태양,1
0,1,0,1,0,0,1,0,1,0,0,3 채태인,4,이태양,1
0,0,1,1,0,0,0,1,1,0,0,3 채태인,4,윤근영,3
0,0,1,0,1,0,0,1,0,1,0,3 채태인,4,최영환,6
1,0,0,0,1,0,1,0,1,0,0,3 채태인,4,송창현,5
1,0,0,0,0,1,0,1,0,1,0,3 채태인,4,소사,-1
1,0,0,0,0,1,1,0,1,0,0,3 채태인,4,소사,-1
0,1,0,0,0,1,0,1,1,0,0,3 채태인,4,소사,-1
0,0,1,0,1,0,0,1,1,0,0,3 채태인,4,소사,-1
1,0,0,0,0,1,0,1,0,1,0,3 채태인,4,밴헤켄,-1
0,1,0,1,0,0,0,1,1,0,0,3 채태인,4,밴헤켄,-1
0,1,0,1,0,0,1,0,0,1,0,3 채태인,4,밴헤켄,-1
1,0,0,1,0,0,0,1,1,0,0,3 채태인,4,니퍼트,4
0,1,0,1,0,0,0,1,1,0,0,3 채태인,4,니퍼트,4
0,1,0,0,0,1,0,1,1,0,0,3 채태인,4,니퍼트,4
0,0,1,0,1,0,1,0,1,0,0,3 채태인,4,이현승,2
0,0,1,1,0,0,0,1,1,0,0,7 채태인,4,정재훈,-1
0,0,1,0,1,0,0,1,0,1,0,7 채태인,4,이용찬,1
1,0,0,0,0,1,0,1,1,0,0,5 채태인,4,유희관,4
1,0,0,0,1,0,1,0,0,1,0,5 채태인,4,유희관,4
0,1,0,1,0,0,1,0,0,0,1,5 채태인,4,유희관,4
0,0,1,0,1,0,0,1,1,0,0,5 채태인,4,윤명준,5
0,0,1,1,0,0,0,1,1,0,0,8 채태인,4,윤길현,2
1,0,0,1,0,0,0,1,0,1,0,5 채태인,4,울프,-1
1,0,0,0,1,0,1,0,0,1,0,5 채태인,4,전유수,3
0,1,0,1,0,0,1,0,1,0,0,5 채태인,4,이재영,-1
0,0,1,1,0,0,1,0,1,0,0,5 채태인,4,박민호,6
0,0,1,0,0,1,0,1,0,1,0,5 채태인,4,이상백,-1
1,0,0,1,0,0,0,1,0,0,1,5 채태인,4,이성민,-1
1,0,0,0,0,1,1,0,0,0,1,5 채태인,4,이성민,-1
0,1,0,0,1,0,0,1,1,0,0,5 채태인,4,이민호,1
0,0,1,0,1,0,0,1,0,1,0,5 채태인,4,이민호,1
0,0,1,1,0,0,0,1,1,0,0,5 채태인,4,문수호,-1
1,0,0,0,0,1,1,0,1,0,0,5 채태인,4,해커,2
0,1,0,0,1,0,0,1,1,0,0,5 채태인,4,해커,2
0,0,1,1,0,0,0,1,0,1,0,5 채태인,4,해커,2
0,0,1,0,1,0,1,0,0,1,0,5 채태인,4,원종현,3
1,0,0,0,0,1,1,0,1,0,0,4 채태인,4,밴헤켄,-1
1,0,0,0,1,0,1,0,1,0,0,4 채태인,4,밴헤켄,-1
0,1,0,0,0,1,0,1,0,1,0,4 채태인,4,밴헤켄,-1
0,0,1,0,1,0,1,0,1,0,0,4 채태인,4,한현희,1
0,0,1,0,1,0,0,1,1,0,0,4 채태인,4,손승락,2
1,0,0,0,1,0,1,0,0,1,0,3 채태인,4,금민철,2
1,0,0,0,0,1,0,1,0,1,0,3 채태인,4,금민철,2
1,0,0,0,0,1,1,0,0,1,0,3 채태인,4,김대우,3
0,1,0,0,1,0,0,1,0,1,0,3 채태인,4,배힘찬,-1
1,0,0,1,0,0,0,1,1,0,0,5 채태인,4,강윤구,1
1,0,0,0,1,0,1,0,0,1,0,5 채태인,4,강윤구,1
0,1,0,0,1,0,0,1,0,0,1,5 채태인,4,김세현,1
0,1,0,0,1,0,0,1,0,0,1,5 채태인,4,김대우,3
1,0,0,0,0,1,0,1,0,1,0,3 채태인,4,이태양,1
1,0,0,0,0,1,0,1,0,1,0,3 채태인,4,이태양,1
0,1,0,1,0,0,0,1,1,0,0,3 채태인,4,이태양,1
0,0,1,0,0,1,1,0,1,0,0,3 채태인,4,이태양,1
1,0,0,0,0,1,1,0,0,1,0,5 채태인,4,앨버스,-1
1,0,0,1,0,0,0,1,1,0,0,5 채태인,4,김기현,-1
0,1,0,1,0,0,0,1,1,0,0,5 채태인,4,마일영,-1
0,1,0,1,0,0,1,0,0,1,0,5 채태인,4,마일영,-1
1,0,0,0,1,0,0,1,0,1,0,5 채태인,4,조영우,-1
1,0,0,0,0,1,1,0,0,1,0,5 채태인,4,윤근영,3
0,1,0,0,0,1,0,1,0,0,1,5 채태인,4,윤근영,3
0,1,0,0,0,1,0,1,1,0,0,5 채태인,4,김혁민,-1
1,0,0,0,0,1,0,1,1,0,0,3 채태인,4,니퍼트,4
1,0,0,0,0,1,1,0,1,0,0,3 채태인,4,니퍼트,4
0,1,0,0,0,1,0,1,1,0,0,3 채태인,4,니퍼트,4
0,0,1,0,0,1,1,0,0,1,0,3 채태인,4,이현승,2
1,0,0,1,0,0,1,0,1,0,0,3 채태인,4,볼스테드,-1
1,0,0,0,1,0,1,0,1,0,0,3 채태인,4,볼스테드,-1
0,1,0,0,1,0,0,1,1,0,0,3 채태인,4,볼스테드,-1
0,0,1,1,0,0,1,0,0,0,1,3 채태인,4,함덕주,3
0,0,1,0,1,0,0,1,1,0,0,3 채태인,4,윤명준,5
1,0,0,0,0,1,0,1,0,0,1,3 채태인,4,노경은,-1
1,0,0,0,1,0,0,1,1,0,0,3 채태인,4,노경은,-1
0,1,0,1,0,0,0,1,0,0,1,3 채태인,4,노경은,-1
0,0,1,0,0,1,1,0,0,1,0,3 채태인,4,함덕주,3
0,0,1,0,0,1,0,1,1,0,0,3 채태인,4,김강률,3
1,0,0,0,0,1,0,1,1,0,0,3 채태인,4,옥스프링,-1
0,1,0,0,1,0,0,1,0,1,0,3 채태인,4,옥스프링,-1
0,1,0,0,1,0,0,1,0,1,0,3 채태인,4,강영식,-1
0,0,1,0,1,0,0,1,1,0,0,3 채태인,4,최대성,5
1,0,0,0,1,0,0,1,0,1,0,3 채태인,4,송승준,0
1,0,0,0,0,1,1,0,1,0,0,3 채태인,4,송승준,0
0,1,0,0,1,0,0,1,1,0,0,3 채태인,4,송승준,0
0,0,1,1,0,0,0,1,1,0,0,3 채태인,4,이명우,-1
1,0,0,0,0,1,0,1,1,0,0,3 채태인,4,장원준,0
1,0,0,0,0,1,0,1,0,0,1,3 채태인,4,장원준,0
0,1,0,0,1,0,1,0,1,0,0,3 채태인,4,장원준,0
0,0,1,1,0,0,0,1,1,0,0,3 채태인,4,강영식,-1
1,0,0,0,1,0,1,0,0,1,0,3 채태인,4,고효준,2
1,0,0,0,0,1,1,0,0,1,0,3 채태인,4,고효준,2
1,0,0,0,0,1,0,1,0,1,0,3 채태인,4,고효준,2
0,1,0,0,0,1,0,1,1,0,0,3 채태인,4,허건엽,-1
0,0,1,0,1,0,0,1,1,0,0,3 채태인,4,여건욱,5
1,0,0,0,1,0,1,0,1,0,0,3 채태인,4,밴와트,-1
1,0,0,0,1,0,1,0,1,0,0,3 채태인,4,밴와트,-1
0,1,0,0,0,1,1,0,0,0,1,3 채태인,4,밴와트,-1
0,0,1,1,0,0,0,1,1,0,0,3 채태인,4,진해수,3
0,0,1,1,0,0,1,0,1,0,0,3 채태인,4,전유수,3
1,0,0,1,0,0,0,1,1,0,0,5 채태인,4,김광현,0
0,1,0,0,1,0,1,0,1,0,0,5 채태인,4,김광현,0
0,1,0,0,1,0,0,1,1,0,0,5 채태인,4,김광현,0
0,0,1,0,0,1,1,0,1,0,0,5 채태인,4,진해수,3
0,0,1,0,1,0,1,0,1,0,0,8 채태인,4,리오단,-1
1,0,0,0,1,0,1,0,0,1,0,3 채태인,4,유먼,-1
1,0,0,0,1,0,1,0,1,0,0,3 채태인,4,유먼,-1
0,1,0,0,1,0,1,0,1,0,0,3 채태인,4,유먼,-1
0,0,1,0,1,0,0,1,1,0,0,3 채태인,4,이명우,-1
1,0,0,0,0,1,0,1,0,1,0,3 채태인,4,옥스프링,-1
1,0,0,1,0,0,1,0,0,1,0,3 채태인,4,옥스프링,-1
0,1,0,0,1,0,1,0,1,0,0,3 채태인,4,강영식,-1
0,0,1,1,0,0,0,1,0,1,0,3 채태인,4,정대현,-1
0,0,1,1,0,0,0,1,0,1,0,3 채태인,4,김사율,-1
0,0,1,0,1,0,1,0,0,1,0,3 채태인,4,최대성,5
1,0,0,0,0,1,0,1,1,0,0,3 채태인,4,홍성민,5
0,1,0,1,0,0,1,0,0,1,0,3 채태인,4,홍성민,5
0,1,0,0,0,1,0,1,1,0,0,3 채태인,4,강승현,-1
0,0,1,1,0,0,0,1,1,0,0,3 채태인,4,강승현,-1
1,0,0,1,0,0,0,1,1,0,0,3 채태인,4,웨버,-1
1,0,0,0,1,0,1,0,1,0,0,3 채태인,4,웨버,-1
0,1,0,0,0,1,0,1,0,1,0,3 채태인,4,웨버,-1
0,0,1,0,1,0,1,0,0,1,0,3 채태인,4,이민호,1
0,0,1,0,0,1,1,0,0,1,0,3 채태인,4,이성민,-1
1,0,0,0,0,1,0,1,1,0,0,3 채태인,4,노성호,5
1,0,0,0,0,1,1,0,1,0,0,3 채태인,4,노성호,5
0,1,0,1,0,0,0,1,1,0,0,3 채태인,4,노성호,5
0,0,1,0,1,0,0,1,0,0,1,3 채태인,4,노성호,5
1,0,0,0,1,0,1,0,1,0,0,3 채태인,4,해커,2
1,0,0,0,1,0,0,1,1,0,0,3 채태인,4,해커,2
0,1,0,0,0,1,0,1,1,0,0,3 채태인,4,해커,2
0,0,1,0,1,0,0,1,1,0,0,3 채태인,4,손정욱,-1
1,0,0,0,0,1,0,1,0,1,0,3 채태인,4,임정우,3
1,0,0,0,1,0,0,1,0,1,0,3 채태인,4,임정우,3
0,1,0,0,1,0,0,1,0,1,0,3 채태인,4,윤지웅,5
0,0,1,1,0,0,0,1,1,0,0,3 채태인,4,신재웅,3
0,0,1,1,0,0,0,1,0,1,0,3 채태인,4,봉중근,-1
1,0,0,1,0,0,1,0,1,0,0,3 채태인,4,류제국,1
1,0,0,0,1,0,1,0,0,1,0,3 채태인,4,신동훈,-1
0,1,0,0,1,0,1,0,1,0,0,3 채태인,4,신동훈,-1
0,0,1,1,0,0,1,0,0,0,1,3 채태인,4,윤지웅,5
0,0,1,0,0,1,1,0,1,0,0,3 채태인,4,정찬헌,3
0,0,1,0,0,1,1,0,0,1,0,3 채태인,4,봉중근,-1
1,0,0,0,1,0,1,0,0,0,1,3 채태인,4,티포드,-1
1,0,0,0,0,1,1,0,0,1,0,3 채태인,4,티포드,-1
0,1,0,0,1,0,1,0,1,0,0,3 채태인,4,티포드,-1
0,1,0,0,1,0,0,1,1,0,0,3 채태인,4,신승현,-1
0,0,1,0,0,1,0,1,1,0,0,3 채태인,4,신재웅,3
1,0,0,0,1,0,0,1,0,1,0,4 채태인,4,송은범,4
1,0,0,0,0,1,1,0,1,0,0,4 채태인,4,송은범,4
0,1,0,0,1,0,0,1,1,0,0,4 채태인,4,송은범,4
0,0,1,0,1,0,1,0,1,0,0,4 채태인,4,송은범,4
0,0,1,1,0,0,0,1,1,0,0,4 채태인,4,최영필,-1
1,0,0,0,0,1,1,0,0,1,0,4 채태인,4,이태양,1
1,0,0,0,1,0,1,0,0,1,0,4 채태인,4,이태양,1
0,1,0,0,0,1,0,1,1,0,0,4 채태인,4,윤근영,3
0,0,1,0,1,0,0,1,0,1,0,4 채태인,4,김기현,-1
1,0,0,1,0,0,0,1,0,1,0,4 채태인,4,앨버스,-1
1,0,0,0,1,0,1,0,1,0,0,4 채태인,4,앨버스,-1
0,1,0,1,0,0,0,1,1,0,0,4 채태인,4,앨버스,-1
0,0,1,0,0,1,0,1,0,1,0,4 채태인,4,박정진,-1
0,0,1,0,0,1,0,1,1,0,0,4 채태인,4,윤규진,2
1,0,0,0,0,1,1,0,1,0,0,4 채태인,4,유먼,-1
1,0,0,0,1,0,1,0,0,1,0,4 채태인,4,유먼,-1
0,1,0,1,0,0,0,1,0,0,1,4 채태인,4,유먼,-1
0,1,0,0,1,0,1,0,1,0,0,4 채태인,4,이정민,-1
0,0,1,0,1,0,0,1,1,0,0,4 채태인,4,강영식,-1
0,0,1,0,1,0,1,0,0,1,0,4 채태인,4,김승회,2
1,0,0,0,1,0,1,0,1,0,0,3 채태인,4,오재영,-1
0,1,0,1,0,0,1,0,0,0,1,3 채태인,4,오재영,-1
0,1,0,1,0,0,0,1,1,0,0,3 채태인,4,김세현,1
0,1,0,1,0,0,1,0,1,0,0,3 채태인,4,김대우,3
0,0,1,0,1,0,0,1,0,1,0,3 채태인,4,한현희,1
1,0,0,0,0,1,0,1,1,0,0,3 채태인,4,소사,-1
1,0,0,0,0,1,1,0,0,1,0,3 채태인,4,소사,-1
0,0,1,0,1,0,0,1,1,0,0,8 채태인,4,윤길현,2
1,0,0,0,0,1,0,1,1,0,0,3 채태인,4,채병용,4
1,0,0,0,0,1,0,1,1,0,0,3 채태인,4,채병용,4
0,1,0,1,0,0,0,1,1,0,0,3 채태인,4,채병용,4
0,0,1,1,0,0,0,1,0,1,0,3 채태인,4,윤길현,2
1,0,0,0,0,1,0,1,0,1,0,3 채태인,4,우규민,4
1,0,0,0,0,1,0,1,1,0,0,3 채태인,4,우규민,4
0,1,0,0,1,0,0,1,1,0,0,3 채태인,4,우규민,4
0,1,0,1,0,0,1,0,0,1,0,3 채태인,4,신동훈,-1
0,0,1,0,1,0,0,1,1,0,0,3 채태인,4,윤지웅,5
1,0,0,0,0,1,0,1,1,0,0,3 채태인,4,노경은,-1
0,1,0,1,0,0,0,1,0,1,0,3 채태인,4,노경은,-1
0,1,0,1,0,0,0,1,1,0,0,3 채태인,4,노경은,-1
0,0,1,0,1,0,0,1,1,0,0,3 채태인,4,함덕주,3
1,0,0,0,1,0,1,0,1,0,0,3 채태인,4,니퍼트,4
0,1,0,0,1,0,0,1,1,0,0,3 채태인,4,니퍼트,4
0,1,0,0,0,1,0,1,1,0,0,3 채태인,4,니퍼트,4
0,0,1,0,0,1,0,1,0,1,0,3 채태인,4,이현승,2
0,0,1,0,0,1,0,1,1,0,0,3 채태인,4,이용찬,1
1,0,0,1,0,0,0,1,0,1,0,3 채태인,4,문광은,5
1,0,0,0,0,1,0,1,1,0,0,3 채태인,4,여건욱,5
0,1,0,1,0,0,0,1,0,1,0,3 채태인,4,고효준,2
0,1,0,0,0,1,1,0,1,0,0,3 채태인,4,이재영,-1
0,0,1,1,0,0,1,0,0,1,0,3 채태인,4,전유수,3
1,0,0,0,0,1,0,1,1,0,0,3 채태인,4,밴와트,-1
0,1,0,0,1,0,1,0,1,0,0,3 채태인,4,밴와트,-1
0,1,0,0,1,0,1,0,1,0,0,3 채태인,4,밴와트,-1
0,0,1,1,0,0,0,1,1,0,0,3 채태인,4,진해수,3
0,0,1,0,0,1,0,1,0,1,0,3 채태인,4,윤길현,2
1,0,0,0,1,0,1,0,0,0,1,3 채태인,4,유먼,-1
1,0,0,0,1,0,1,0,1,0,0,3 채태인,4,유먼,-1
0,1,0,1,0,0,1,0,1,0,0,3 채태인,4,유먼,-1
0,0,1,1,0,0,0,1,0,1,0,3 채태인,4,이명우,-1
0,0,1,0,1,0,0,1,0,1,0,3 채태인,4,김사율,-1
1,0,0,1,0,0,0,1,0,1,0,3 채태인,4,이상화,5
1,0,0,1,0,0,0,1,0,1,0,3 채태인,4,이상화,5
0,1,0,0,0,1,1,0,1,0,0,3 채태인,4,이상화,5
0,0,1,0,1,0,1,0,1,0,0,3 채태인,4,이정민,-1
0,0,1,0,0,1,1,0,1,0,0,3 채태인,4,심수창,2
1,0,0,0,1,0,1,0,1,0,0,3 채태인,4,니퍼트,4
1,0,0,0,0,1,0,1,1,0,0,3 채태인,4,니퍼트,4
0,1,0,0,0,1,0,1,1,0,0,3 채태인,4,니퍼트,4
0,0,1,0,1,0,0,1,1,0,0,3 채태인,4,함덕주,3
0,0,1,0,0,1,1,0,0,1,0,3 채태인,4,이용찬,1
0,1,0,0,1,0,0,1,1,0,0,6 채태인,4,한현희,1
0,0,1,0,1,0,0,1,0,1,0,6 채태인,4,강윤구,1
1,0,0,0,0,1,0,1,1,0,0,3 채태인,4,문성현,1
1,0,0,0,1,0,0,1,1,0,0,3 채태인,4,문성현,1
0,1,0,0,1,0,0,1,1,0,0,3 채태인,4,문성현,1
0,0,1,0,1,0,1,0,1,0,0,3 채태인,4,한현희,1
1,0,0,0,1,0,1,0,1,0,0,3 채태인,4,찰리,-1
0,1,0,1,0,0,0,1,1,0,0,3 채태인,4,찰리,-1
0,1,0,0,1,0,0,1,0,1,0,3 채태인,4,찰리,-1
0,1,0,0,1,0,0,1,1,0,0,3 채태인,4,손정욱,-1
0,0,1,1,0,0,0,1,0,0,1,3 채태인,4,김진성,3
1,0,0,0,1,0,0,1,1,0,0,3 채태인,4,앨버스,-1
0,1,0,1,0,0,0,1,0,1,0,3 채태인,4,앨버스,-1
0,1,0,0,0,1,0,1,1,0,0,3 채태인,4,앨버스,-1
0,0,1,0,1,0,0,1,1,0,0,3 채태인,4,김혁민,-1
1,0,0,0,0,1,0,1,1,0,0,3 채태인,4,타투스코,-1
0,1,0,1,0,0,1,0,0,0,1,3 채태인,4,타투스코,-1
0,1,0,1,0,0,1,0,1,0,0,3 채태인,4,송창현,5
0,0,1,0,1,0,0,1,0,1,0,3 채태인,4,김기현,-1
1,0,0,0,1,0,1,0,1,0,0,3 채태인,4,노성호,5
1,0,0,1,0,0,1,0,1,0,0,3 채태인,4,노성호,5
0,1,0,0,0,1,0,1,1,0,0,3 채태인,4,노성호,5
0,0,1,0,1,0,0,1,1,0,0,3 채태인,4,임창민,3
0,0,1,1,0,0,0,1,1,0,0,3 채태인,4,이민호,1
0,0,1,0,1,0,0,1,1,0,0,3 채태인,4,이혜천,-1
1,0,0,0,1,0,1,0,1,0,0,3 채태인,4,해커,2
1,0,0,0,1,0,0,1,1,0,0,3 채태인,4,해커,2
0,1,0,0,0,1,1,0,0,0,1,3 채태인,4,해커,2
0,0,1,1,0,0,0,1,0,0,1,3 채태인,4,이민호,1
1,0,0,0,1,0,1,0,1,0,0,3 채태인,4,김진우,-1
0,1,0,1,0,0,0,1,1,0,0,3 채태인,4,김진우,-1
0,1,0,1,0,0,0,1,1,0,0,3 채태인,4,김진우,-1
0,0,1,0,1,0,1,0,0,1,0,3 채태인,4,최영필,-1
0,0,1,1,0,0,0,1,0,1,0,3 채태인,4,어센시오,-1
1,0,0,0,1,0,1,0,0,1,0,3 채태인,4,양현종,0
1,0,0,0,0,1,1,0,1,0,0,3 채태인,4,양현종,0
1,0,0,0,1,0,1,0,0,0,1,3 채태인,4,임준혁,-1
0,1,0,0,0,1,0,1,1,0,0,3 채태인,4,송은범,4
1,0,0,0,1,0,1,0,1,0,0,3 채태인,4,리오단,-1
0,1,0,1,0,0,0,1,0,1,0,3 채태인,4,리오단,-1
0,1,0,0,0,1,0,1,0,0,1,3 채태인,4,리오단,-1
0,0,1,0,0,1,1,0,0,1,0,3 채태인,4,봉중근,-1
1,0,0,0,0,1,0,1,1,0,0,3 채태인,4,우규민,4
1,0,0,0,0,1,0,1,1,0,0,3 채태인,4,우규민,4
0,1,0,0,0,1,1,0,0,1,0,3 채태인,4,우규민,4
0,0,1,0,1,0,0,1,1,0,0,3 채태인,4,윤지웅,5
1,0,0,0,1,0,1,0,0,0,1,3 채태인,4,옥스프링,-1
1,0,0,0,0,1,1,0,1,0,0,3 채태인,4,옥스프링,-1
0,1,0,0,1,0,0,1,1,0,0,3 채태인,4,옥스프링,-1
0,0,1,1,0,0,0,1,1,0,0,3 채태인,4,강영식,-1
0,0,1,0,0,1,1,0,0,1,0,3 채태인,4,이정민,-1
1,0,0,0,0,1,0,1,0,1,0,3 채태인,4,김진우,-1
1,0,0,0,0,1,1,0,1,0,0,3 채태인,4,김진우,-1
0,1,0,1,0,0,0,1,0,1,0,3 채태인,4,송은범,4
0,1,0,1,0,0,1,0,1,0,0,3 채태인,4,한승혁,3
0,0,1,0,1,0,1,0,1,0,0,3 채태인,4,한승혁,3
1,0,0,0,0,1,0,1,0,1,0,3 채태인,4,임준섭,3
1,0,0,0,0,1,1,0,0,1,0,3 채태인,4,임준섭,3
0,1,0,1,0,0,0,1,1,0,0,3 채태인,4,임준섭,3
0,0,1,0,1,0,1,0,1,0,0,3 채태인,4,임준섭,3
1,0,0,0,0,1,0,1,1,0,0,3 채태인,4,티포드,-1
1,0,0,0,0,1,0,1,1,0,0,3 채태인,4,티포드,-1
0,1,0,0,1,0,0,1,1,0,0,3 채태인,4,윤지웅,5
0,0,1,0,1,0,0,1,1,0,0,3 채태인,4,신재웅,3
0,0,1,0,0,1,1,0,1,0,0,3 채태인,4,이동현,2
1,0,0,0,0,1,0,1,1,0,0,3 채태인,4,밴헤켄,-1
0,1,0,1,0,0,0,1,1,0,0,3 채태인,4,밴헤켄,-1
0,0,1,1,0,0,0,1,0,0,1,3 채태인,4,밴헤켄,-1
0,0,1,0,1,0,1,0,1,0,0,3 채태인,4,조상우,5
0,0,1,1,0,0,0,1,1,0,0,3 채태인,4,손승락,2
1,0,0,1,0,0,1,0,0,1,0,3 채태인,4,박명환,-1
1,0,0,0,1,0,0,1,0,1,0,3 채태인,4,노성호,5
0,1,0,0,0,1,0,1,1,0,0,3 채태인,4,이혜천,-1
0,0,1,0,1,0,0,1,0,1,0,3 채태인,4,이민호,1
1,0,0,0,0,1,0,1,0,1,0,3 채태인,4,임준섭,3
1,0,0,0,0,1,0,1,0,1,0,3 채태인,4,임준섭,3
0,1,0,0,0,1,1,0,1,0,0,3 채태인,4,임준섭,3
0,0,1,1,0,0,0,1,1,0,0,3 채태인,4,최영필,-1
1,0,0,0,0,1,0,1,1,0,0,3 채태인,4,한승혁,3
0,1,0,0,1,0,1,0,0,1,0,3 채태인,4,한승혁,3
0,1,0,0,0,1,1,0,0,1,0,3 채태인,4,한승혁,3
0,1,0,0,0,1,1,0,1,0,0,3 채태인,4,최현정,-1
1,0,0,0,1,0,1,0,0,1,0,3 채태인,4,이태양,1
1,0,0,0,1,0,1,0,1,0,0,3 채태인,4,이태양,1
1,0,0,0,1,0,1,0,1,0,0,3 채태인,4,김기현,-1
0,1,0,1,0,0,0,1,1,0,0,3 채태인,4,임기영,3
1,0,0,0,0,1,0,1,1,0,0,3 채태인,4,해커,2
1,0,0,0,0,1,1,0,1,0,0,3 채태인,4,해커,2
0,1,0,0,1,0,0,1,1,0,0,3 채태인,4,이재학,2
0,0,1,0,1,0,0,1,1,0,0,3 채태인,4,이혜천,-1
1,0,0,0,0,1,0,1,1,0,0,3 채태인,4,리오단,-1
1,0,0,0,0,1,0,1,0,1,0,3 채태인,4,리오단,-1
0,1,0,1,0,0,0,1,1,0,0,3 채태인,4,신재웅,3
0,0,1,0,1,0,1,0,0,0,1,3 채태인,4,이동현,2
1,0,0,0,0,1,0,1,1,0,0,3 채태인,4,토마스,-1
1,0,0,0,0,1,0,1,1,0,0,3 채태인,4,토마스,-1
0,1,0,1,0,0,1,0,0,1,0,3 채태인,4,토마스,-1
0,0,1,0,1,0,0,1,1,0,0,3 채태인,4,김진우,-1
0,0,1,0,0,1,1,0,1,0,0,3 채태인,4,심동섭,-1
1,0,0,0,1,0,1,0,1,0,0,3 채태인,4,밴헤켄,-1
1,0,0,0,1,0,0,1,1,0,0,3 채태인,4,밴헤켄,-1
0,1,0,0,1,0,0,1,1,0,0,3 채태인,4,밴헤켄,-1
0,0,1,0,1,0,0,1,0,1,0,3 채태인,4,손승락,2
1,0,0,0,1,0,1,0,0,1,0,3 채태인,4,소사,-1
1,0,0,1,0,0,0,1,1,0,0,3 채태인,4,소사,-1
0,1,0,0,1,0,1,0,1,0,0,3 채태인,4,김대우,3
0,1,0,0,0,1,0,1,0,0,1,3 채태인,4,김세현,1
0,0,1,1,0,0,0,1,1,0,0,3 채태인,4,문성현,1
1,0,0,0,0,1,0,1,0,0,1,3 채태인,4,오재영,-1
1,0,0,0,1,0,0,1,1,0,0,3 채태인,4,오재영,-1
0,1,0,0,0,1,0,1,1,0,0,3 채태인,4,오재영,-1
0,0,1,1,0,0,0,1,1,0,0,3 채태인,4,손승락,2
0,0,1,0,0,1,0,1,0,1,0,3 채태인,4,한현희,1
1,0,0,0,0,1,0,1,1,0,0,3 채태인,4,밴헤켄,-1
0,1,0,0,0,1,0,1,1,0,0,3 채태인,4,밴헤켄,-1
0,0,1,0,1,0,0,1,1,0,0,3 채태인,4,밴헤켄,-1
0,0,1,1,0,0,0,1,1,0,0,3 채태인,4,문성현,1
1,0,0,0,1,0,1,0,1,0,0,3 채태인,4,소사,-1
1,0,0,0,1,0,0,1,0,0,1,3 채태인,4,소사,-1
0,1,0,0,0,1,1,0,1,0,0,3 채태인,4,소사,-1
0,0,1,1,0,0,0,1,0,1,0,3 채태인,4,조상우,5
0,0,1,0,0,1,1,0,0,1,0,3 채태인,4,손승락,2
1,0,0,0,0,1,0,1,1,0,0,3 채태인,4,오재영,-1
1,0,0,0,1,0,1,0,0,1,0,3 채태인,4,오재영,-1
0,1,0,0,1,0,0,1,0,0,1,3 채태인,4,문성현,1
0,1,0,1,0,0,1,0,1,0,0,3 채태인,4,조상우,5
0,0,1,0,1,0,1,0,1,0,0,3 채태인,4,김세현,1
