0,1,2,3,4,5
유희관,후랭코프,린드블럼,장원준,박치국,함덕주
송은범,이영하,이용찬,배영수,변진수,홍상삼
윤석민,김강률,김승회,양현종,윤수호,이태양
니퍼트,최대성,권혁,장원삼,이형범,장민재
차우찬,이현호,이현승,송승준,김경태,한승혁
우규민,허준혁,송창식,윤성환,김범수,김상수
김광현,윤명준,안영명,공백,김성훈,브리검
채병용,김민우,윤규진,공백,박상원,신재영
공백,김재영,정우람,공백,박주홍,문성현
공백,송창현,김세현,공백,서균,최원태
공백,임준섭,오주원,공백,서폴드,윤근영
공백,김윤동,이보근,공백,조지훈,전유수
공백,박경태,해커,공백,채드벨,주권
공백,임기영,한현희,공백,문경찬,신정락
공백,임기준,피어밴드,공백,박정수,임찬규
공백,홍건희,금민철,공백,박준표,정찬헌
공백,조상우,류제국,공백,박지훈,진해수
공백,김성민,심수창,공백,윌랜드,임정우
공백,하영민,이동현,공백,유승철,김원중
공백,김재윤,고효준,공백,이민우,박세웅
공백,엄상백,레일리,공백,이준영,배장호
공백,이상화,손승락,공백,전상현,오현택
공백,정성곤,윤길현,공백,터너,장시환
공백,김대현,유원상,공백,하준영,강윤구
공백,김지용,이재학,공백,황인준,구창모
공백,문광은,권오준,공백,요키시,김진성
공백,윌슨,박종훈,공백,김동준,이민호
공백,최동환,윤희상,공백,윤영삼,임창민
공백,박근홍,공백,공백,양현,한기주
공백,박시영,공백,공백,이승호,백정현
공백,박진형,공백,공백,안우진,김대우
공백,진명호,공백,공백,김민,정인욱
공백,홍성민,공백,공백,김민수,문승원
공백,김건태,공백,공백,김용주,박정배
공백,노성호,공백,공백,알칸타라,박희수
공백,원종현,공백,공백,류희운,신재웅
공백,윤지웅,공백,공백,박세진,공백
공백,장현식,공백,공백,배우열,공백
공백,장필준,공백,공백,배제성,공백
공백,최충연,공백,공백,쿠에바스,공백
공백,김태훈,공백,공백,이대은,공백
공백,백인식,공백,공백,이종혁,공백
공백,산체스,공백,공백,고우석,공백
공백,서진용,공백,공백,배재준,공백
공백,정재원,공백,공백,여건욱,공백
공백,공백,공백,공백,임지섭,공백
공백,공백,공백,공백,정용운,공백
공백,공백,공백,공백,최성훈,공백
공백,공백,공백,공백,켈리,공백
공백,공백,공백,공백,이준형,공백
공백,공백,공백,공백,구승민,공백
공백,공백,공백,공백,윤성빈,공백
공백,공백,공백,공백,이인복,공백
공백,공백,공백,공백,정성종,공백
공백,공백,공백,공백,톰슨,공백
공백,공백,공백,공백,조무근,공백
공백,공백,공백,공백,최영환,공백
공백,공백,공백,공백,김영규,공백
공백,공백,공백,공백,민태호,공백
공백,공백,공백,공백,박진우,공백
공백,공백,공백,공백,배재환,공백
공백,공백,공백,공백,정수민,공백
공백,공백,공백,공백,최성영,공백
공백,공백,공백,공백,홍성무,공백
공백,공백,공백,공백,왕웨이중,공백
공백,공백,공백,공백,맨쉽,공백
공백,공백,공백,공백,임현준,공백
공백,공백,공백,공백,맥과이어,공백
공백,공백,공백,공백,헤일리,공백
공백,공백,공백,공백,이승현,공백
공백,공백,공백,공백,김승현,공백
공백,공백,공백,공백,최지광,공백
공백,공백,공백,공백,양창섭,공백
공백,공백,공백,공백,김주한,공백
공백,공백,공백,공백,김택형,공백
공백,공백,공백,공백,다익손,공백
공백,공백,공백,공백,박민호,공백
공백,공백,공백,공백,이승진,공백
공백,공백,공백,공백,장민익,공백
공백,공백,공백,공백,정영일,공백
