0,1,2,3,4,5,6,7,8,9
김재호,이흥련,김태균,최주환,나지완,이용규,허경민,박세혁,박용택,오재원
정수빈,페르난데스,이범호,박건우,박경수,정근우,김재환,류지혁,박한이,이성열
송광민,신성현,공백,오선진,유한준,김주찬,오재일,정진호,공백,안치홍
최진행,국해성,공백,하주석,황재균,최형우,서동욱,최재훈,공백,박병호
김선빈,김인태,공백,김주형,김현수,이택근,이명기,강경학,공백,김민성
서건창,김종민,공백,박동원,박석민,이대호,이지영,김회성,공백,오지환
윤석민,지성준,공백,장성우,손시헌,손아섭,김하성,양성우,공백,채태인
나성범,정은원,공백,유강남,박정권,강민호,정상호,호잉,공백,민병헌
박해민,최윤석,공백,김용의,김강민,최정,문규현,김민식,공백,전준우
이재원,김민하,공백,양석환,공백,공백,이병규,문선재,공백,양의지
공백,백창수,공백,채은성,공백,공백,정훈,장영석,공백,이원석
공백,이동훈,공백,신본기,공백,공백,모창민,임병욱,공백,김상수
공백,장운호,공백,김문호,공백,공백,박민우,이정후,공백,나주환
공백,백용환,공백,권희동,공백,공백,지석훈,강백호,공백,정의윤
공백,한승택,공백,고종욱,공백,공백,손주인,로하스,공백,공백
공백,류승현,공백,배영섭,공백,공백,구자욱,심우준,공백,공백
공백,박찬호,공백,한동민,공백,공백,김성현,오태곤,공백,공백
공백,유민상,공백,공백,공백,공백,공백,이해창,공백,공백
공백,윤해진,공백,공백,공백,공백,공백,이성우,공백,공백
공백,이창진,공백,공백,공백,공백,공백,정주현,공백,공백
공백,최원준,공백,공백,공백,공백,공백,이천웅,공백,공백
공백,최정민,공백,공백,공백,공백,공백,이형종,공백,공백
공백,홍재호,공백,공백,공백,공백,공백,정범모,공백,공백
공백,황윤호,공백,공백,공백,공백,공백,노진혁,공백,공백
공백,박준태,공백,공백,공백,공백,공백,이상호,공백,공백
공백,유재신,공백,공백,공백,공백,공백,김성욱,공백,공백
공백,이준호,공백,공백,공백,공백,공백,스크럭스,공백,공백
공백,주효상,공백,공백,공백,공백,공백,러프,공백,공백
공백,김지수,공백,공백,공백,공백,공백,김헌곤,공백,공백
공백,송성문,공백,공백,공백,공백,공백,김동엽,공백,공백
공백,김혜성,공백,공백,공백,공백,공백,허도환,공백,공백
공백,샌즈,공백,공백,공백,공백,공백,로맥,공백,공백
공백,박정음,공백,공백,공백,공백,공백,노수광,공백,공백
공백,허정협,공백,공백,공백,공백,공백,공백,공백,공백
공백,김규민,공백,공백,공백,공백,공백,공백,공백,공백
공백,김민혁,공백,공백,공백,공백,공백,공백,공백,공백
공백,김진곤,공백,공백,공백,공백,공백,공백,공백,공백
공백,문상철,공백,공백,공백,공백,공백,공백,공백,공백
공백,오준혁,공백,공백,공백,공백,공백,공백,공백,공백
공백,이준수,공백,공백,공백,공백,공백,공백,공백,공백
공백,정현,공백,공백,공백,공백,공백,공백,공백,공백
공백,조용호,공백,공백,공백,공백,공백,공백,공백,공백
공백,김재율,공백,공백,공백,공백,공백,공백,공백,공백
공백,박지규,공백,공백,공백,공백,공백,공백,공백,공백
공백,서상우,공백,공백,공백,공백,공백,공백,공백,공백
공백,양종민,공백,공백,공백,공백,공백,공백,공백,공백
공백,윤진호,공백,공백,공백,공백,공백,공백,공백,공백
공백,전민수,공백,공백,공백,공백,공백,공백,공백,공백
공백,김사훈,공백,공백,공백,공백,공백,공백,공백,공백
공백,김준태,공백,공백,공백,공백,공백,공백,공백,공백
공백,나종덕,공백,공백,공백,공백,공백,공백,공백,공백
공백,안중열,공백,공백,공백,공백,공백,공백,공백,공백
공백,김동한,공백,공백,공백,공백,공백,공백,공백,공백
공백,오윤석,공백,공백,공백,공백,공백,공백,공백,공백
공백,아수아헤,공백,공백,공백,공백,공백,공백,공백,공백
공백,한동희,공백,공백,공백,공백,공백,공백,공백,공백
공백,황진수,공백,공백,공백,공백,공백,공백,공백,공백
공백,나경민,공백,공백,공백,공백,공백,공백,공백,공백
공백,박광열,공백,공백,공백,공백,공백,공백,공백,공백
공백,강진성,공백,공백,공백,공백,공백,공백,공백,공백
공백,김찬형,공백,공백,공백,공백,공백,공백,공백,공백
공백,김태진,공백,공백,공백,공백,공백,공백,공백,공백
공백,이우성,공백,공백,공백,공백,공백,공백,공백,공백
공백,이원재,공백,공백,공백,공백,공백,공백,공백,공백
공백,최영진,공백,공백,공백,공백,공백,공백,공백,공백
공백,이학주,공백,공백,공백,공백,공백,공백,공백,공백
공백,김재현,공백,공백,공백,공백,공백,공백,공백,공백
공백,김성훈,공백,공백,공백,공백,공백,공백,공백,공백
공백,박찬도,공백,공백,공백,공백,공백,공백,공백,공백
공백,김민수,공백,공백,공백,공백,공백,공백,공백,공백
공백,남태혁,공백,공백,공백,공백,공백,공백,공백,공백
공백,박승욱,공백,공백,공백,공백,공백,공백,공백,공백
공백,최항,공백,공백,공백,공백,공백,공백,공백,공백
공백,김재현,공백,공백,공백,공백,공백,공백,공백,공백
공백,윤정우,공백,공백,공백,공백,공백,공백,공백,공백
공백,정진기,공백,공백,공백,공백,공백,공백,공백,공백
