0,1,2,3,4,5,6
장원준,린드블럼,김승회,김강률,유희관,후랭코프,박치국
배영수,이용찬,권혁,함덕주,송은범,이영하,변진수
양현종,이태양,이현승,홍상삼,윤석민,최대성,윤수호
장원삼,김세현,송창식,임준섭,니퍼트,이현호,이형범
차우찬,이보근,안영명,장민재,우규민,허준혁,김경태
송승준,김상수,윤규진,박경태,채병용,윤명준,박상원
윤성환,문성현,정우람,임기영,공백,김민우,서균
김광현,한현희,오주원,한승혁,공백,김범수,서폴드
공백,피어밴드,해커,홍건희,공백,김재영,채드벨
공백,류제국,금민철,브리검,공백,송창현,문경찬
공백,임찬규,심수창,신재영,공백,김윤동,박정수
공백,박세웅,이동현,최원태,공백,박준표,박지훈
공백,강윤구,고효준,엄상백,공백,임기준,윌랜드
공백,이민호,레일리,윤근영,공백,김동준,유승철
공백,권오준,손승락,전유수,공백,조상우,이민우
공백,백정현,윤길현,정성곤,공백,김성민,터너
공백,박종훈,유원상,주권,공백,하영민,황인준
공백,공백,이재학,신정락,공백,김재윤,요키시
공백,공백,윤희상,정찬헌,공백,류희운,윤영삼
공백,공백,공백,진해수,공백,이상화,이승호
공백,공백,공백,임정우,공백,김대현,안우진
공백,공백,공백,김원중,공백,김지용,김민
공백,공백,공백,박근홍,공백,문광은,알칸타라
공백,공백,공백,배장호,공백,여건욱,박세진
공백,공백,공백,오현택,공백,윌슨,배우열
공백,공백,공백,장시환,공백,최동환,배제성
공백,공백,공백,구창모,공백,최성훈,쿠에바스
공백,공백,공백,김진성,공백,구승민,이종혁
공백,공백,공백,원종현,공백,박시영,고우석
공백,공백,공백,임창민,공백,박진형,배재준
공백,공백,공백,장현식,공백,조무근,임지섭
공백,공백,공백,한기주,공백,진명호,정용운
공백,공백,공백,김대우,공백,홍성민,켈리
공백,공백,공백,정인욱,공백,김건태,이준형
공백,공백,공백,문승원,공백,노성호,윤성빈
공백,공백,공백,박정배,공백,윤지웅,톰슨
공백,공백,공백,박희수,공백,정수민,최영환
공백,공백,공백,신재웅,공백,왕웨이중,민태호
공백,공백,공백,공백,공백,장필준,박진우
공백,공백,공백,공백,공백,이승현,배재환
공백,공백,공백,공백,공백,최충연,최성영
공백,공백,공백,공백,공백,김주한,맨쉽
공백,공백,공백,공백,공백,김태훈,임현준
공백,공백,공백,공백,공백,김택형,맥과이어
공백,공백,공백,공백,공백,백인식,김승현
공백,공백,공백,공백,공백,산체스,최지광
공백,공백,공백,공백,공백,서진용,양창섭
공백,공백,공백,공백,공백,정재원,다익손
공백,공백,공백,공백,공백,공백,박민호
공백,공백,공백,공백,공백,공백,이승진
공백,공백,공백,공백,공백,공백,정영일
